1	Лауренц Тирард	\N	\N	\N	\N	2024-04-12 23:55:17.327989	\N
2	Иван Охлобыстин	\N	\N	\N	\N	2024-04-12 23:55:17.361787	\N
3	Стивен Фрай	\N	\N	\N	\N	2024-04-12 23:55:17.394201	\N
4	Кирсти Элли	\N	\N	\N	\N	2024-04-12 23:55:17.426945	\N
5	Наталья Портман	\N	\N	\N	\N	2024-04-12 23:55:17.458567	\N
6	Риз Ахмед	\N	\N	\N	\N	2024-04-12 23:55:17.490481	\N
7	Джозеф Файнс	\N	\N	\N	\N	2024-04-12 23:55:17.522858	\N
8	Джон Малкович	\N	\N	\N	\N	2024-04-12 23:55:17.55606	\N
9	Тереза Палмер	\N	\N	\N	\N	2024-04-12 23:55:17.587017	\N
10	Юрий Никулин	\N	\N	\N	\N	2024-04-12 23:55:17.619242	\N
11	Виктория Толстоганова	\N	\N	\N	\N	2024-04-12 23:55:17.650217	\N
12	Райан Гослинг	\N	\N	\N	\N	2024-04-12 23:55:17.681635	\N
13	Олег Табаков	\N	\N	\N	\N	2024-04-12 23:55:17.713503	\N
14	Дэниел Дэй-Льюис	\N	\N	\N	\N	2024-04-12 23:55:17.745503	\N
15	Дженнифер Тилли	\N	\N	\N	\N	2024-04-12 23:55:17.776414	\N
16	Кира Седжвик	\N	\N	\N	\N	2024-04-12 23:55:17.807638	\N
17	Владимир Епифанцев	\N	\N	\N	\N	2024-04-12 23:55:17.841984	\N
18	Сергей Маковецкий	\N	\N	\N	\N	2024-04-12 23:55:17.874237	\N
19	Илькер Калычайджи	\N	\N	\N	\N	2024-04-12 23:55:17.906227	\N
20	Эван Рэйчел Вуд	\N	\N	\N	\N	2024-04-12 23:55:17.939679	\N
21	Колин Фаррелл	\N	\N	\N	\N	2024-04-12 23:55:17.97093	\N
22	Джина Карано	\N	\N	\N	\N	2024-04-12 23:55:18.002319	\N
23	Рене Зеллвегер	\N	\N	\N	\N	2024-04-12 23:55:18.03173	\N
24	Зендая	\N	\N	\N	\N	2024-04-12 23:55:18.063385	\N
25	Кейт Бланшетт	\N	\N	\N	\N	2024-04-12 23:55:18.095153	\N
26	Крис Эванс	\N	\N	\N	\N	2024-04-12 23:55:18.125948	\N
27	Екатерина Редникова	\N	\N	\N	\N	2024-04-12 23:55:18.156655	\N
28	Брюс Ли	\N	\N	\N	\N	2024-04-12 23:55:18.187317	\N
29	Алексей Булдаков	\N	\N	\N	\N	2024-04-12 23:55:18.218215	\N
30	Госха Куценко	\N	\N	\N	\N	2024-04-12 23:55:18.251861	\N
31	Элисон Дойл	\N	\N	\N	\N	2024-04-12 23:55:18.281544	\N
32	Максим Аверин	\N	\N	\N	\N	2024-04-12 23:55:18.311915	\N
33	Вэйлет Дэвис	\N	\N	\N	\N	2024-04-12 23:55:18.343753	\N
34	Кит Харингтон	\N	\N	\N	\N	2024-04-12 23:55:18.374968	\N
35	Флоренс Пью	\N	\N	\N	\N	2024-04-12 23:55:18.405755	\N
36	Эмили Блант	\N	\N	\N	\N	2024-04-12 23:55:18.437447	\N
37	Киану Ривз	\N	\N	\N	\N	2024-04-12 23:55:18.467099	\N
38	Кевин Бейкон	\N	\N	\N	\N	2024-04-12 23:55:18.499321	\N
39	Наоми Харрис	\N	\N	\N	\N	2024-04-12 23:55:18.530183	\N
40	Исра Гюрен	\N	\N	\N	\N	2024-04-12 23:55:18.563604	\N
41	Александра Даддарио	\N	\N	\N	\N	2024-04-12 23:55:18.596453	\N
42	Тайка Вайтити	\N	\N	\N	\N	2024-04-12 23:55:18.628278	\N
43	Лев Лещенко	\N	\N	\N	\N	2024-04-12 23:55:18.659632	\N
44	Доминик Фишбек	\N	\N	\N	\N	2024-04-12 23:55:18.689841	\N
45	Мария Шукшина	\N	\N	\N	\N	2024-04-12 23:55:18.722092	\N
46	Хилари Дафф	\N	\N	\N	\N	2024-04-12 23:55:18.753839	\N
47	Шерон Стоун	\N	\N	\N	\N	2024-04-12 23:55:18.786313	\N
48	Джейн Леви	\N	\N	\N	\N	2024-04-12 23:55:18.818329	\N
49	Шелли Лонг	\N	\N	\N	\N	2024-04-12 23:55:18.848981	\N
50	Ричард Жер	\N	\N	\N	\N	2024-04-12 23:55:18.878758	\N
51	Джеймс Франко	\N	\N	\N	\N	2024-04-12 23:55:18.909308	\N
52	Линда Карделини	\N	\N	\N	\N	2024-04-12 23:55:18.93981	\N
53	Дэйв Баутиста	\N	\N	\N	\N	2024-04-12 23:55:18.972202	\N
54	Кирстен Данст	\N	\N	\N	\N	2024-04-12 23:55:19.006392	\N
55	Гэри Олдман	\N	\N	\N	\N	2024-04-12 23:55:19.037456	\N
56	Валентин Гафт	\N	\N	\N	\N	2024-04-12 23:55:19.072049	\N
57	Марион Котийяр	\N	\N	\N	\N	2024-04-12 23:55:19.105134	\N
58	Уэсли Снайпс	\N	\N	\N	\N	2024-04-12 23:55:19.137472	\N
59	Майкл Пенья	\N	\N	\N	\N	2024-04-12 23:55:19.168613	\N
60	Родни Дейнджерфилд	\N	\N	\N	\N	2024-04-12 23:55:19.199463	\N
61	Уайатт Расселл	\N	\N	\N	\N	2024-04-12 23:55:19.231772	\N
62	Лев Дуров	\N	\N	\N	\N	2024-04-12 23:55:19.265181	\N
63	Дэнни Гловер	\N	\N	\N	\N	2024-04-12 23:55:19.297667	\N
64	Софи Тёрнер	\N	\N	\N	\N	2024-04-12 23:55:19.328745	\N
65	Натали Эммануэль	\N	\N	\N	\N	2024-04-12 23:55:19.35963	\N
66	Вэнди Макдауэлл	\N	\N	\N	\N	2024-04-12 23:55:19.391214	\N
67	Крюс Уиллис	\N	\N	\N	\N	2024-04-12 23:55:19.422847	\N
68	Уго Уивинг	\N	\N	\N	\N	2024-04-12 23:55:19.457047	\N
69	Дженнифер Лоуренс	\N	\N	\N	\N	2024-04-12 23:55:19.48772	\N
70	Светлана Немоляева	\N	\N	\N	\N	2024-04-12 23:55:19.519931	\N
71	Александр Носик	\N	\N	\N	\N	2024-04-12 23:55:19.550187	\N
72	Джозеф Гордон-Левитт	\N	\N	\N	\N	2024-04-12 23:55:19.581017	\N
73	Крис Пратт	\N	\N	\N	\N	2024-04-12 23:55:19.614271	\N
74	Неслихан Атагюль	\N	\N	\N	\N	2024-04-12 23:55:19.647712	\N
75	Шарлто Копли	\N	\N	\N	\N	2024-04-12 23:55:19.680736	\N
76	Андрей Кончаловский	\N	\N	\N	\N	2024-04-12 23:55:19.712935	\N
77	Нина Ургант	\N	\N	\N	\N	2024-04-12 23:55:19.746686	\N
78	Салли Хокинс	\N	\N	\N	\N	2024-04-12 23:55:19.778774	\N
79	Олег Меньшиков	\N	\N	\N	\N	2024-04-12 23:55:19.811723	\N
80	Энн Хэтэуэй	\N	\N	\N	\N	2024-04-12 23:55:19.844439	\N
81	Николь Кидман	\N	\N	\N	\N	2024-04-12 23:55:19.878031	\N
82	Нина Русланова	\N	\N	\N	\N	2024-04-12 23:55:19.909812	\N
83	Том Харди	\N	\N	\N	\N	2024-04-12 23:55:19.940817	\N
84	Дензел Вашингтон	\N	\N	\N	\N	2024-04-12 23:55:19.974616	\N
85	Мэрил Стрип	\N	\N	\N	\N	2024-04-12 23:55:20.005248	\N
86	Сэмюэл Л. Джексон	\N	\N	\N	\N	2024-04-12 23:55:20.038107	\N
87	Илья Шакунов	\N	\N	\N	\N	2024-04-12 23:55:20.06967	\N
88	Зейнеп Тугчекин	\N	\N	\N	\N	2024-04-12 23:55:20.112517	\N
89	Зои Белл	\N	\N	\N	\N	2024-04-12 23:55:20.143469	\N
90	Арнольд Шварценеггер	\N	\N	\N	\N	2024-04-12 23:55:20.175445	\N
91	Майкл К. Уильямс	\N	\N	\N	\N	2024-04-12 23:55:20.206512	\N
92	Дебби Харри	\N	\N	\N	\N	2024-04-12 23:55:20.241203	\N
93	Гвинет Пэлтроу	\N	\N	\N	\N	2024-04-12 23:55:20.273654	\N
94	Олег Стриженов	\N	\N	\N	\N	2024-04-12 23:55:20.304821	\N
95	Мэттью Макконахи	\N	\N	\N	\N	2024-04-12 23:55:20.339424	\N
96	Розамунд Пайк	\N	\N	\N	\N	2024-04-12 23:55:20.369483	\N
97	Лилия Григорьева	\N	\N	\N	\N	2024-04-12 23:55:20.400996	\N
98	Юрий Назаров	\N	\N	\N	\N	2024-04-12 23:55:20.432565	\N
99	Джон Кьюсак	\N	\N	\N	\N	2024-04-12 23:55:20.466219	\N
100	Кирт Рассел	\N	\N	\N	\N	2024-04-12 23:55:20.500229	\N
101	Стилан Скарсгард	\N	\N	\N	\N	2024-04-12 23:55:20.533551	\N
102	Александр Феклистов	\N	\N	\N	\N	2024-04-12 23:55:20.565188	\N
103	Эдгар Райт	\N	\N	\N	\N	2024-04-12 23:55:20.597825	\N
104	Тимиля Хенсон	\N	\N	\N	\N	2024-04-12 23:55:20.628358	\N
105	Кэтрин О'Хара	\N	\N	\N	\N	2024-04-12 23:55:20.659277	\N
106	Сигур Рос	\N	\N	\N	\N	2024-04-12 23:55:20.689541	\N
107	Гари Синиз	\N	\N	\N	\N	2024-04-12 23:55:20.720666	\N
108	Эмма Уотсон	\N	\N	\N	\N	2024-04-12 23:55:20.7511	\N
109	Джеки Чан	\N	\N	\N	\N	2024-04-12 23:55:20.780805	\N
110	Владимир Спиваковский	\N	\N	\N	\N	2024-04-12 23:55:20.811569	\N
111	Аманда Сейфрид	\N	\N	\N	\N	2024-04-12 23:55:20.842328	\N
112	Лиам Нисон	\N	\N	\N	\N	2024-04-12 23:55:20.874958	\N
113	Марк Руффало	\N	\N	\N	\N	2024-04-12 23:55:20.904645	\N
114	Джейми Дорнан	\N	\N	\N	\N	2024-04-12 23:55:20.936678	\N
115	Билли Зейн	\N	\N	\N	\N	2024-04-12 23:55:20.968407	\N
116	Анна Пэкин	\N	\N	\N	\N	2024-04-12 23:55:20.999298	\N
117	Кристина Хендрикс	\N	\N	\N	\N	2024-04-12 23:55:21.031109	\N
118	Кевин Костнер	\N	\N	\N	\N	2024-04-12 23:55:21.063506	\N
119	Джеймс МакЭвой	\N	\N	\N	\N	2024-04-12 23:55:21.095388	\N
120	Ляля Разумовская	\N	\N	\N	\N	2024-04-12 23:55:21.133494	\N
121	Леонардо ДиКаприо	\N	\N	\N	\N	2024-04-12 23:55:21.165617	\N
122	Сарп Левен	\N	\N	\N	\N	2024-04-12 23:55:21.196659	\N
123	Кейт Уинслет	\N	\N	\N	\N	2024-04-12 23:55:21.227888	\N
124	Ольга Яковлева	\N	\N	\N	\N	2024-04-12 23:55:21.258419	\N
125	Джейсон Стэйтем	\N	\N	\N	\N	2024-04-12 23:55:21.291731	\N
126	Людмила Максакова	\N	\N	\N	\N	2024-04-12 23:55:21.33246	\N
127	Игорь Крюков	\N	\N	\N	\N	2024-04-12 23:55:21.364304	\N
128	Хоакин Феникс	\N	\N	\N	\N	2024-04-12 23:55:21.395654	\N
129	Андрей Макаревич	\N	\N	\N	\N	2024-04-12 23:55:21.427609	\N
130	Энн Бэнкрофт	\N	\N	\N	\N	2024-04-12 23:55:21.462274	\N
131	Ван Дамм	\N	\N	\N	\N	2024-04-12 23:55:21.49313	\N
132	Джулия Робертс	\N	\N	\N	\N	2024-04-12 23:55:21.534421	\N
133	Джейк Джилленхол	\N	\N	\N	\N	2024-04-12 23:55:21.56598	\N
134	Вячеслав Тихонов	\N	\N	\N	\N	2024-04-12 23:55:21.597518	\N
135	Хазар Эргючлен	\N	\N	\N	\N	2024-04-12 23:55:21.627242	\N
136	Кристоф Вальц	\N	\N	\N	\N	2024-04-12 23:55:21.659288	\N
137	Андрей Колесников	\N	\N	\N	\N	2024-04-12 23:55:21.692657	\N
138	Мишель Пфайфер	\N	\N	\N	\N	2024-04-12 23:55:21.723735	\N
139	Брюс Уиллис	\N	\N	\N	\N	2024-04-12 23:55:21.755541	\N
140	Анна Банщикова	\N	\N	\N	\N	2024-04-12 23:55:21.78714	\N
141	Аарон Экхарт	\N	\N	\N	\N	2024-04-12 23:55:21.818509	\N
142	Кыванч Татлытуг	\N	\N	\N	\N	2024-04-12 23:55:21.861565	\N
143	Сет Роген	\N	\N	\N	\N	2024-04-12 23:55:21.906149	\N
144	Хайди Клум	\N	\N	\N	\N	2024-04-12 23:55:21.938647	\N
145	Эдриан Полики	\N	\N	\N	\N	2024-04-12 23:55:21.971129	\N
146	Джейсон Момоа	\N	\N	\N	\N	2024-04-12 23:55:22.002616	\N
147	Эмма Стоун	\N	\N	\N	\N	2024-04-12 23:55:22.034887	\N
148	Скотт Эдкинс	\N	\N	\N	\N	2024-04-12 23:55:22.066325	\N
149	Николай Басков	\N	\N	\N	\N	2024-04-12 23:55:22.09727	\N
150	Зои Кравиц	\N	\N	\N	\N	2024-04-12 23:55:22.127107	\N
151	Рэйчел МакАдамс	\N	\N	\N	\N	2024-04-12 23:55:22.157881	\N
152	Олег Голубев	\N	\N	\N	\N	2024-04-12 23:55:22.189333	\N
153	Аарон Стэнфорд	\N	\N	\N	\N	2024-04-12 23:55:22.222356	\N
154	Андрей Панин	\N	\N	\N	\N	2024-04-12 23:55:22.254352	\N
155	Мэри Элизабет Уинстэд	\N	\N	\N	\N	2024-04-12 23:55:22.286302	\N
156	Анатолий Ромашин	\N	\N	\N	\N	2024-04-12 23:55:22.316451	\N
157	Александр Домогаров	\N	\N	\N	\N	2024-04-12 23:55:22.348701	\N
158	Натали Портман	\N	\N	\N	\N	2024-04-12 23:55:22.380878	\N
159	Елена Борисова	\N	\N	\N	\N	2024-04-12 23:55:22.411484	\N
160	Джуди Грей	\N	\N	\N	\N	2024-04-12 23:55:22.445195	\N
161	Ольга Остроумова	\N	\N	\N	\N	2024-04-12 23:55:22.475917	\N
162	Джейн Фонда	\N	\N	\N	\N	2024-04-12 23:55:22.507701	\N
163	Крис Хемсворт	\N	\N	\N	\N	2024-04-12 23:55:22.539167	\N
164	Саймон Пегг	\N	\N	\N	\N	2024-04-12 23:55:22.570117	\N
165	Ольга Шорохова	\N	\N	\N	\N	2024-04-12 23:55:22.601106	\N
166	Сандра Бернхард	\N	\N	\N	\N	2024-04-12 23:55:22.643569	\N
167	Мишель Йео	\N	\N	\N	\N	2024-04-12 23:55:22.676902	\N
168	Билли Кристал	\N	\N	\N	\N	2024-04-12 23:55:22.709646	\N
169	Марго Робби	\N	\N	\N	\N	2024-04-12 23:55:22.740195	\N
170	Элли Фаннинг	\N	\N	\N	\N	2024-04-12 23:55:22.772408	\N
171	Симу Лю	\N	\N	\N	\N	2024-04-12 23:55:22.805261	\N
172	Ребекка Холл	\N	\N	\N	\N	2024-04-12 23:55:22.837308	\N
173	Энтони Маки	\N	\N	\N	\N	2024-04-12 23:55:22.868406	\N
174	Райан Рейнольдс	\N	\N	\N	\N	2024-04-12 23:55:22.901517	\N
175	Хелен Хант	\N	\N	\N	\N	2024-04-12 23:55:22.933835	\N
176	Пол Хоган	\N	\N	\N	\N	2024-04-12 23:55:22.967688	\N
177	Сигурни Уивер	\N	\N	\N	\N	2024-04-12 23:55:22.99966	\N
178	Джон Хэмм	\N	\N	\N	\N	2024-04-12 23:55:23.032983	\N
179	Кэрри Кун	\N	\N	\N	\N	2024-04-12 23:55:23.065638	\N
180	Джиннифер Гудвин	\N	\N	\N	\N	2024-04-12 23:55:23.095475	\N
181	Татьяна Друбич	\N	\N	\N	\N	2024-04-12 23:55:23.12626	\N
182	Алексей Баталов	\N	\N	\N	\N	2024-04-12 23:55:23.15787	\N
183	Александр Абдулов	\N	\N	\N	\N	2024-04-12 23:55:23.190906	\N
184	Метин Акдюльгер	\N	\N	\N	\N	2024-04-12 23:55:23.220627	\N
185	Андрей Краско	\N	\N	\N	\N	2024-04-12 23:55:23.255488	\N
186	Шарлин Уудли	\N	\N	\N	\N	2024-04-12 23:55:23.285491	\N
187	Людмила Гурченко	\N	\N	\N	\N	2024-04-12 23:55:23.31818	\N
188	Бетани Джой Гейл	\N	\N	\N	\N	2024-04-12 23:55:23.348809	\N
189	Хакан Куртасар	\N	\N	\N	\N	2024-04-12 23:55:23.381047	\N
190	Лил Рели Хауэри	\N	\N	\N	\N	2024-04-12 23:55:23.413672	\N
191	Алексей Кравченко	\N	\N	\N	\N	2024-04-12 23:55:23.446835	\N
192	Тургут Тунаджер	\N	\N	\N	\N	2024-04-12 23:55:23.482572	\N
193	Джим Керри	\N	\N	\N	\N	2024-04-12 23:55:23.516091	\N
194	Алла Демидова	\N	\N	\N	\N	2024-04-12 23:55:23.547523	\N
195	Тери Гарр	\N	\N	\N	\N	2024-04-12 23:55:23.578446	\N
196	Кейли Куоко	\N	\N	\N	\N	2024-04-12 23:55:23.611116	\N
197	Анна Ардова	\N	\N	\N	\N	2024-04-12 23:55:23.644487	\N
198	Владимир Качан	\N	\N	\N	\N	2024-04-12 23:55:23.679126	\N
199	Эдриан Броуди	\N	\N	\N	\N	2024-04-12 23:55:23.710353	\N
200	Лаура Дерн	\N	\N	\N	\N	2024-04-12 23:55:23.742206	\N
201	Джерард Батлер	\N	\N	\N	\N	2024-04-12 23:55:23.786368	\N
202	Лили Джеймс	\N	\N	\N	\N	2024-04-12 23:55:23.819498	\N
203	Евгений Цыганов	\N	\N	\N	\N	2024-04-12 23:55:23.853308	\N
204	Джинг У У	\N	\N	\N	\N	2024-04-12 23:55:23.88453	\N
205	Александр Михайлов	\N	\N	\N	\N	2024-04-12 23:55:23.916313	\N
206	Дэйзи Ридли	\N	\N	\N	\N	2024-04-12 23:55:23.946914	\N
207	Игорь Костолевский	\N	\N	\N	\N	2024-04-12 23:55:23.980639	\N
208	Лариса Малеева	\N	\N	\N	\N	2024-04-12 23:55:24.013553	\N
209	Сенем Карахан	\N	\N	\N	\N	2024-04-12 23:55:24.045619	\N
210	Вайнона Райдер	\N	\N	\N	\N	2024-04-12 23:55:24.077953	\N
211	Томми Ли Джонс	\N	\N	\N	\N	2024-04-12 23:55:24.112637	\N
212	Лариса Удовиченко	\N	\N	\N	\N	2024-04-12 23:55:24.143535	\N
213	Станислав Ярушин	\N	\N	\N	\N	2024-04-12 23:55:24.178226	\N
214	Дэнни Бойл	\N	\N	\N	\N	2024-04-12 23:55:24.211188	\N
215	Чарльз Мелтон	\N	\N	\N	\N	2024-04-12 23:55:24.245111	\N
216	Лана Кондор	\N	\N	\N	\N	2024-04-12 23:55:24.288552	\N
217	Сергей Гармаш	\N	\N	\N	\N	2024-04-12 23:55:24.321299	\N
218	Саоирс Ронан	\N	\N	\N	\N	2024-04-12 23:55:24.351348	\N
219	Сьюзен Сарандон	\N	\N	\N	\N	2024-04-12 23:55:24.380314	\N
220	Лив Шрайбер	\N	\N	\N	\N	2024-04-12 23:55:24.412621	\N
221	Армен Джигарханян	\N	\N	\N	\N	2024-04-12 23:55:24.445373	\N
222	Джоди Комер	\N	\N	\N	\N	2024-04-12 23:55:24.480856	\N
223	Джулианна Мур	\N	\N	\N	\N	2024-04-12 23:55:24.526252	\N
224	Кристен Белл	\N	\N	\N	\N	2024-04-12 23:55:24.559145	\N
225	Райан Филипп	\N	\N	\N	\N	2024-04-12 23:55:24.590512	\N
226	Владимир Жданов	\N	\N	\N	\N	2024-04-12 23:55:24.623386	\N
227	Карен Гиллан	\N	\N	\N	\N	2024-04-12 23:55:24.654807	\N
228	Шукру Озьяльчин	\N	\N	\N	\N	2024-04-12 23:55:24.686901	\N
229	Туба Бюйюкюстюн	\N	\N	\N	\N	2024-04-12 23:55:24.730766	\N
230	Джон Бойега	\N	\N	\N	\N	2024-04-12 23:55:24.76436	\N
231	Джон Красински	\N	\N	\N	\N	2024-04-12 23:55:24.797028	\N
232	Дэвид Духовны	\N	\N	\N	\N	2024-04-12 23:55:24.829902	\N
233	Максим Аксенов	\N	\N	\N	\N	2024-04-12 23:55:24.864211	\N
234	Эйса Баттерфилд	\N	\N	\N	\N	2024-04-12 23:55:24.89538	\N
235	Аарон Тейлор-Джонсон	\N	\N	\N	\N	2024-04-12 23:55:24.928604	\N
236	Халит Эргенч	\N	\N	\N	\N	2024-04-12 23:55:24.963385	\N
237	Хилари Свэнк	\N	\N	\N	\N	2024-04-12 23:55:24.996436	\N
238	Лина Хиди	\N	\N	\N	\N	2024-04-12 23:55:25.028419	\N
239	Чак Норрис	\N	\N	\N	\N	2024-04-12 23:55:25.062681	\N
240	Игорь Крутой	\N	\N	\N	\N	2024-04-12 23:55:25.094017	\N
241	Эшли Джадд	\N	\N	\N	\N	2024-04-12 23:55:25.12719	\N
242	Оскар Айзек	\N	\N	\N	\N	2024-04-12 23:55:25.157801	\N
243	Джулия Гарнер	\N	\N	\N	\N	2024-04-12 23:55:25.191135	\N
244	Гюзель Кана	\N	\N	\N	\N	2024-04-12 23:55:25.222265	\N
245	Мэтт Дэймон	\N	\N	\N	\N	2024-04-12 23:55:25.257281	\N
246	Кристиан Бэйл	\N	\N	\N	\N	2024-04-12 23:55:25.287821	\N
247	Дайэн Китон	\N	\N	\N	\N	2024-04-12 23:55:25.320294	\N
248	Тара Джеймс	\N	\N	\N	\N	2024-04-12 23:55:25.352001	\N
249	Шарлотта Рэмплинг	\N	\N	\N	\N	2024-04-12 23:55:25.384217	\N
250	Эмилия Кларк	\N	\N	\N	\N	2024-04-12 23:55:25.417209	\N
251	Клайв Оуэн	\N	\N	\N	\N	2024-04-12 23:55:25.44849	\N
252	Мэттью МакКонахи	\N	\N	\N	\N	2024-04-12 23:55:25.481101	\N
253	Анна Фэрис	\N	\N	\N	\N	2024-04-12 23:55:25.512045	\N
254	Арджун Бижлани	\N	\N	\N	\N	2024-04-12 23:55:25.542705	\N
255	Эван Рейчел Вуд	\N	\N	\N	\N	2024-04-12 23:55:25.574854	\N
256	Эми Пойфер	\N	\N	\N	\N	2024-04-12 23:55:25.609724	\N
257	Джейсон Бейтман	\N	\N	\N	\N	2024-04-12 23:55:25.64208	\N
258	Стивен Амелл	\N	\N	\N	\N	2024-04-12 23:55:25.672658	\N
259	Александр Панкратов-Черный	\N	\N	\N	\N	2024-04-12 23:55:25.703085	\N
260	Елена Соловей	\N	\N	\N	\N	2024-04-12 23:55:25.73689	\N
261	Зак Эфрон	\N	\N	\N	\N	2024-04-12 23:55:25.779108	\N
262	Кристиан Слэйтер	\N	\N	\N	\N	2024-04-12 23:55:25.812986	\N
263	Тед Дэнсон	\N	\N	\N	\N	2024-04-12 23:55:25.845793	\N
264	Гленн Клоуз	\N	\N	\N	\N	2024-04-12 23:55:25.879477	\N
265	Джейн Сеймур	\N	\N	\N	\N	2024-04-12 23:55:25.912614	\N
266	Шарлиз Терон	\N	\N	\N	\N	2024-04-12 23:55:25.945467	\N
267	Эми Адамс	\N	\N	\N	\N	2024-04-12 23:55:25.977581	\N
268	Джон Кризински	\N	\N	\N	\N	2024-04-12 23:55:26.009561	\N
269	Эзги Аслан	\N	\N	\N	\N	2024-04-12 23:55:26.042331	\N
270	Эмма Томпсон	\N	\N	\N	\N	2024-04-12 23:55:26.073223	\N
271	Майкл Шеннон	\N	\N	\N	\N	2024-04-12 23:55:26.107996	\N
272	Джон Литгоу	\N	\N	\N	\N	2024-04-12 23:55:26.140846	\N
273	ТайкаВайтити	\N	\N	\N	\N	2024-04-12 23:55:26.174786	\N
274	Мария Шрайвер	\N	\N	\N	\N	2024-04-12 23:55:26.20689	\N
275	Наталья Крачковская	\N	\N	\N	\N	2024-04-12 23:55:26.238865	\N
276	Ольга Кабо	\N	\N	\N	\N	2024-04-12 23:55:26.269757	\N
277	Райан Филлип	\N	\N	\N	\N	2024-04-12 23:55:26.303955	\N
278	Том Холланд	\N	\N	\N	\N	2024-04-12 23:55:26.337914	\N
279	Джейми Фокс	\N	\N	\N	\N	2024-04-12 23:55:26.371079	\N
280	Майк Майерс	\N	\N	\N	\N	2024-04-12 23:55:26.403261	\N
281	Рон Перлман	\N	\N	\N	\N	2024-04-12 23:55:26.446666	\N
282	Татьяна Дружинина	\N	\N	\N	\N	2024-04-12 23:55:26.479635	\N
283	Деми Мур	\N	\N	\N	\N	2024-04-12 23:55:26.509715	\N
284	Джуди Денч	\N	\N	\N	\N	2024-04-12 23:55:26.5446	\N
285	Майкл Джай Уайт	\N	\N	\N	\N	2024-04-12 23:55:26.578423	\N
286	Михаил Жванецкий	\N	\N	\N	\N	2024-04-12 23:55:26.608556	\N
287	Лео Ремини	\N	\N	\N	\N	2024-04-12 23:55:26.643667	\N
288	Бурак Озчивит	\N	\N	\N	\N	2024-04-12 23:55:26.677021	\N
289	Майло Вентимилья	\N	\N	\N	\N	2024-04-12 23:55:26.708896	\N
290	Карлос Райт	\N	\N	\N	\N	2024-04-12 23:55:26.74084	\N
291	Юлия Высоцкая	\N	\N	\N	\N	2024-04-12 23:55:26.773167	\N
292	Назан Кесал	\N	\N	\N	\N	2024-04-12 23:55:26.805279	\N
293	Нина Усатова	\N	\N	\N	\N	2024-04-12 23:55:26.838427	\N
294	Ричард Гир	\N	\N	\N	\N	2024-04-12 23:55:26.871705	\N
295	Аарон Пол	\N	\N	\N	\N	2024-04-12 23:55:26.905414	\N
296	Чарлиз Терон	\N	\N	\N	\N	2024-04-12 23:55:26.936824	\N
297	Александр Лазарев	\N	\N	\N	\N	2024-04-12 23:55:26.969239	\N
298	Станислав Бондаренко	\N	\N	\N	\N	2024-04-12 23:55:27.001422	\N
299	Венди МакЛендон-Кови	\N	\N	\N	\N	2024-04-12 23:55:27.034556	\N
300	Самия Гамджиоглу	\N	\N	\N	\N	2024-04-12 23:55:27.067748	\N
301	Холси	\N	\N	\N	\N	2024-04-12 23:55:27.098766	\N
302	Джессика Честейн	\N	\N	\N	\N	2024-04-12 23:55:27.131108	\N
303	Эзги Шенгёль	\N	\N	\N	\N	2024-04-12 23:55:27.162157	\N
304	Анна Де Армас	\N	\N	\N	\N	2024-04-12 23:55:27.196882	\N
305	Чарли Ханнэм	\N	\N	\N	\N	2024-04-12 23:55:27.230137	\N
306	Берен Саат	\N	\N	\N	\N	2024-04-12 23:55:27.263318	\N
307	Линда Фиорентино	\N	\N	\N	\N	2024-04-12 23:55:27.297096	\N
308	Шон Коннери	\N	\N	\N	\N	2024-04-12 23:55:27.329909	\N
309	Курт Рассел	\N	\N	\N	\N	2024-04-12 23:55:27.371503	\N
310	Александр Градский	\N	\N	\N	\N	2024-04-12 23:55:27.406036	\N
311	Леонид Филатов	\N	\N	\N	\N	2024-04-12 23:55:27.438205	\N
312	Келли МакГиллис	\N	\N	\N	\N	2024-04-12 23:55:27.472241	\N
313	Дайен Уист	\N	\N	\N	\N	2024-04-12 23:55:27.504559	\N
314	Майкл Дж. Фокс	\N	\N	\N	\N	2024-04-12 23:55:27.537243	\N
315	Скарлетт Йоханссон	\N	\N	\N	\N	2024-04-12 23:55:27.577906	\N
316	Евгений Миронов	\N	\N	\N	\N	2024-04-12 23:55:27.610188	\N
317	Ана де Армас	\N	\N	\N	\N	2024-04-12 23:55:27.641853	\N
318	Эллисон Дженни	\N	\N	\N	\N	2024-04-12 23:55:27.674744	\N
319	Сергей Безруков	\N	\N	\N	\N	2024-04-12 23:55:27.706741	\N
320	Ольга Кузнецова	\N	\N	\N	\N	2024-04-12 23:55:27.737604	\N
321	Харрисон Форд	\N	\N	\N	\N	2024-04-12 23:55:27.770097	\N
322	Джейкоб Эльорди	\N	\N	\N	\N	2024-04-12 23:55:27.800694	\N
323	Эллен Пейдж	\N	\N	\N	\N	2024-04-12 23:55:27.833371	\N
324	Николас Кейдж	\N	\N	\N	\N	2024-04-12 23:55:27.865642	\N
325	Тим Рот	\N	\N	\N	\N	2024-04-12 23:55:27.896889	\N
326	Чаитан Курт	\N	\N	\N	\N	2024-04-12 23:55:27.929283	\N
327	Лупита Нионго	\N	\N	\N	\N	2024-04-12 23:55:27.96171	\N
328	Лоуренс Фишбёрн	\N	\N	\N	\N	2024-04-12 23:55:27.99657	\N
329	Логан Лерман	\N	\N	\N	\N	2024-04-12 23:55:28.037919	\N
330	Бурак Дениз	\N	\N	\N	\N	2024-04-12 23:55:28.071671	\N
331	Джейк Ллойд	\N	\N	\N	\N	2024-04-12 23:55:28.103137	\N
332	Дэнни Трехо	\N	\N	\N	\N	2024-04-12 23:55:28.135619	\N
333	Владимир Стержаков	\N	\N	\N	\N	2024-04-12 23:55:28.169686	\N
334	Зои Дешанель	\N	\N	\N	\N	2024-04-12 23:55:28.201355	\N
335	Андрей Миронов	\N	\N	\N	\N	2024-04-12 23:55:28.233916	\N
336	Валерия Ланская	\N	\N	\N	\N	2024-04-12 23:55:28.265907	\N
337	Кейт Бекинсейл	\N	\N	\N	\N	2024-04-12 23:55:28.297622	\N
338	Билл Найи	\N	\N	\N	\N	2024-04-12 23:55:28.330214	\N
339	Николь Бехари	\N	\N	\N	\N	2024-04-12 23:55:28.362851	\N
340	Ребекка Де Морней	\N	\N	\N	\N	2024-04-12 23:55:28.396827	\N
341	Холден Гройн	\N	\N	\N	\N	2024-04-12 23:55:28.427543	\N
342	Лив Тайлер	\N	\N	\N	\N	2024-04-12 23:55:28.460078	\N
343	Арас Булут Ийнемли	\N	\N	\N	\N	2024-04-12 23:55:28.490998	\N
344	Сиенна Миллер	\N	\N	\N	\N	2024-04-12 23:55:28.522836	\N
345	Сэм Рокуэлл	\N	\N	\N	\N	2024-04-12 23:55:28.564126	\N
346	Юрий Яковлев	\N	\N	\N	\N	2024-04-12 23:55:28.60645	\N
347	Кенан Имирзалыоглу	\N	\N	\N	\N	2024-04-12 23:55:28.639191	\N
348	Нонна Гришаева	\N	\N	\N	\N	2024-04-12 23:55:28.671159	\N
349	Октавия Спенсер	\N	\N	\N	\N	2024-04-12 23:55:28.701845	\N
350	Сильвестр Сталлоне	\N	\N	\N	\N	2024-04-12 23:55:28.735508	\N
351	Дмитрий Певцов	\N	\N	\N	\N	2024-04-12 23:55:28.768548	\N
352	Лесли Нильсен	\N	\N	\N	\N	2024-04-12 23:55:28.800667	\N
353	Александр Робак	\N	\N	\N	\N	2024-04-12 23:55:28.843631	\N
354	Леонид Ярмольник	\N	\N	\N	\N	2024-04-12 23:55:28.874762	\N
355	Зак Галифианакис	\N	\N	\N	\N	2024-04-12 23:55:28.907217	\N
356	Артем Михалков	\N	\N	\N	\N	2024-04-12 23:55:28.939825	\N
357	Джонни Депп	\N	\N	\N	\N	2024-04-12 23:55:28.972698	\N
358	Лариса Лужина	\N	\N	\N	\N	2024-04-12 23:55:29.004905	\N
359	Елена Проскурякова	\N	\N	\N	\N	2024-04-12 23:55:29.0375	\N
360	Джоан Кьюсак	\N	\N	\N	\N	2024-04-12 23:55:29.070166	\N
361	Наоми Уоттс	\N	\N	\N	\N	2024-04-12 23:55:29.102339	\N
362	Лукас Хеджес	\N	\N	\N	\N	2024-04-12 23:55:29.136291	\N
363	Дейзи Эдгар-Джонс	\N	\N	\N	\N	2024-04-12 23:55:29.166991	\N
364	Хана Риз Фэйер	\N	\N	\N	\N	2024-04-12 23:55:29.200745	\N
365	Мурат Йылдырым	\N	\N	\N	\N	2024-04-12 23:55:29.233334	\N
366	Стив Кэрелл	\N	\N	\N	\N	2024-04-12 23:55:29.265967	\N
367	Майкл Б. Джордан	\N	\N	\N	\N	2024-04-12 23:55:29.29756	\N
368	Джихан Ялчин	\N	\N	\N	\N	2024-04-12 23:55:29.328943	\N
369	Александр Макогон	\N	\N	\N	\N	2024-04-12 23:55:29.360517	\N
370	Сара Джессика Паркер	\N	\N	\N	\N	2024-04-12 23:55:29.391937	\N
371	Линда Карделлини	\N	\N	\N	\N	2024-04-12 23:55:29.433302	\N
372	Михаил Жигалов	\N	\N	\N	\N	2024-04-12 23:55:29.463878	\N
373	Тони Коллетт	\N	\N	\N	\N	2024-04-12 23:55:29.498412	\N
374	Кристиан Стюарт	\N	\N	\N	\N	2024-04-12 23:55:29.530011	\N
375	Юрий Кузнецов	\N	\N	\N	\N	2024-04-12 23:55:29.562265	\N
376	Олеся Судзиловская	\N	\N	\N	\N	2024-04-12 23:55:29.593886	\N
377	Сиси Спейсек	\N	\N	\N	\N	2024-04-12 23:55:29.626822	\N
378	Вин Дизель	\N	\N	\N	\N	2024-04-12 23:55:29.658501	\N
379	Эркан Колчак Костенджи	\N	\N	\N	\N	2024-04-12 23:55:29.701817	\N
380	Татьяна Догилева	\N	\N	\N	\N	2024-04-12 23:55:29.735988	\N
381	Алисия Викандер	\N	\N	\N	\N	2024-04-12 23:55:29.770746	\N
382	Хью Джекман	\N	\N	\N	\N	2024-04-12 23:55:29.803433	\N
383	Мелисса Каракаши	\N	\N	\N	\N	2024-04-12 23:55:29.844171	\N
384	Джессика Альба	\N	\N	\N	\N	2024-04-12 23:55:29.873874	\N
385	Озгюр Озтюрк	\N	\N	\N	\N	2024-04-12 23:55:29.90735	\N
386	Дмитрий Марьянов	\N	\N	\N	\N	2024-04-12 23:55:29.938987	\N
387	Дэвид Линч	\N	\N	\N	\N	2024-04-12 23:55:29.971576	\N
388	Зои Салдана	\N	\N	\N	\N	2024-04-12 23:55:30.012834	\N
389	Джиллиан Андерсон	\N	\N	\N	\N	2024-04-12 23:55:30.044125	\N
390	Владимир Яглыч	\N	\N	\N	\N	2024-04-12 23:55:30.074781	\N
391	Дениз Чакыр	\N	\N	\N	\N	2024-04-12 23:55:30.106737	\N
392	Александр Головин	\N	\N	\N	\N	2024-04-12 23:55:30.139553	\N
393	Уайатт Эрп	\N	\N	\N	\N	2024-04-12 23:55:30.171939	\N
394	Анна Кендрик	\N	\N	\N	\N	2024-04-12 23:55:30.204093	\N
395	Ирина Муравьёва	\N	\N	\N	\N	2024-04-12 23:55:30.235362	\N
396	Билли Боб Торнтон	\N	\N	\N	\N	2024-04-12 23:55:30.267119	\N
397	Ирина Алфёрова	\N	\N	\N	\N	2024-04-12 23:55:30.301126	\N
398	Джимми Фэллон	\N	\N	\N	\N	2024-04-12 23:55:30.341107	\N
399	Джеймс Марсден	\N	\N	\N	\N	2024-04-12 23:55:30.375573	\N
400	Ирина Лотарева	\N	\N	\N	\N	2024-04-12 23:55:30.408811	\N
401	Крис Пайн	\N	\N	\N	\N	2024-04-12 23:55:30.441191	\N
402	Пол Радд	\N	\N	\N	\N	2024-04-12 23:55:30.472629	\N
403	Лоренс Фишбёрн	\N	\N	\N	\N	2024-04-12 23:55:30.50449	\N
404	Сара Полсон	\N	\N	\N	\N	2024-04-12 23:55:30.535732	\N
405	Тильда Суинтон	\N	\N	\N	\N	2024-04-12 23:55:30.568721	\N
406	Мэг Райан	\N	\N	\N	\N	2024-04-12 23:55:30.600127	\N
407	Кенджи Йылдыз	\N	\N	\N	\N	2024-04-12 23:55:30.631647	\N
408	Розмари ДеУитт	\N	\N	\N	\N	2024-04-12 23:55:30.662772	\N
409	Нина Дорошина	\N	\N	\N	\N	2024-04-12 23:55:30.694749	\N
410	Майлз Теллер	\N	\N	\N	\N	2024-04-12 23:55:30.725668	\N
411	Валентина Толкунова	\N	\N	\N	\N	2024-04-12 23:55:30.758804	\N
412	Альп Навруз	\N	\N	\N	\N	2024-04-12 23:55:30.791629	\N
413	Серкан Чайоглу	\N	\N	\N	\N	2024-04-12 23:55:30.823115	\N
414	Джереми Реннер	\N	\N	\N	\N	2024-04-12 23:55:30.855343	\N
415	Барыш Ардуч	\N	\N	\N	\N	2024-04-12 23:55:30.886996	\N
416	Кэмерон Диаз	\N	\N	\N	\N	2024-04-12 23:55:30.91888	\N
417	Арми Хаммер	\N	\N	\N	\N	2024-04-12 23:55:30.951325	\N
418	Лоренс Фишберн	\N	\N	\N	\N	2024-04-12 23:55:30.984388	\N
419	Леви Миллер	\N	\N	\N	\N	2024-04-12 23:55:31.015464	\N
420	Жан-Клод Ван Дамм	\N	\N	\N	\N	2024-04-12 23:55:31.046474	\N
421	Роберт Паттинсон	\N	\N	\N	\N	2024-04-12 23:55:31.076167	\N
422	Эйден Галлахер	\N	\N	\N	\N	2024-04-12 23:55:31.108196	\N
423	Александр Збруев	\N	\N	\N	\N	2024-04-12 23:55:31.147973	\N
424	Майкл Холл	\N	\N	\N	\N	2024-04-12 23:55:31.18047	\N
425	Шайа ЛаБаф	\N	\N	\N	\N	2024-04-12 23:55:31.211653	\N
426	Кристен Стюарт	\N	\N	\N	\N	2024-04-12 23:55:31.244799	\N
427	Гвен Стефани	\N	\N	\N	\N	2024-04-12 23:55:31.277409	\N
428	Гай Пирс	\N	\N	\N	\N	2024-04-12 23:55:31.318819	\N
429	Адам Драйвер	\N	\N	\N	\N	2024-04-12 23:55:31.35487	\N
430	Кевин Сорбо	\N	\N	\N	\N	2024-04-12 23:55:31.386003	\N
431	Риз Уизерспун	\N	\N	\N	\N	2024-04-12 23:55:31.418304	\N
432	Эрик Столц	\N	\N	\N	\N	2024-04-12 23:55:31.459919	\N
433	Игорь Жижикин	\N	\N	\N	\N	2024-04-12 23:55:31.488958	\N
434	Донни Йен	\N	\N	\N	\N	2024-04-12 23:55:31.520271	\N
435	Игорь Ливанов	\N	\N	\N	\N	2024-04-12 23:55:31.550369	\N
436	Татьяна Лазарева	\N	\N	\N	\N	2024-04-12 23:55:31.580038	\N
437	Лайам Хемсворт	\N	\N	\N	\N	2024-04-12 23:55:31.611148	\N
438	Сергей Балабанов	\N	\N	\N	\N	2024-04-12 23:55:31.643462	\N
439	Тимоти Шаламе	\N	\N	\N	\N	2024-04-12 23:55:31.674938	\N
440	Тобиас Мензес	\N	\N	\N	\N	2024-04-12 23:55:31.705701	\N
441	Том Хэнкс	\N	\N	\N	\N	2024-04-12 23:55:31.748616	\N
442	Ричард Дрейфусс	\N	\N	\N	\N	2024-04-12 23:55:31.780398	\N
443	Тимур Родригез	\N	\N	\N	\N	2024-04-12 23:55:31.811217	\N
444	Селин Йылдыз	\N	\N	\N	\N	2024-04-12 23:55:31.841318	\N
445	Летития Райт	\N	\N	\N	\N	2024-04-12 23:55:31.875846	\N
446	Дейзи Ридли	\N	\N	\N	\N	2024-04-12 23:55:31.906621	\N
447	Дольф Лундгрен	\N	\N	\N	\N	2024-04-12 23:55:31.938533	\N
448	Альп Илькер Ян	\N	\N	\N	\N	2024-04-12 23:55:31.969133	\N
449	Уилфред Бримли	\N	\N	\N	\N	2024-04-12 23:55:32.000236	\N
450	Энди Сэмберг	\N	\N	\N	\N	2024-04-12 23:55:32.030817	\N
451	Тони Джаа	\N	\N	\N	\N	2024-04-12 23:55:32.073338	\N
452	Кристофер Уокен	\N	\N	\N	\N	2024-04-12 23:55:32.1055	\N
453	Уайнона Райдер	\N	\N	\N	\N	2024-04-12 23:55:32.147205	\N
454	Тим Роббинс	\N	\N	\N	\N	2024-04-12 23:55:32.176974	\N
455	Лоренцо Ришмайер	\N	\N	\N	\N	2024-04-12 23:55:32.208178	\N
456	Райли Кио	\N	\N	\N	\N	2024-04-12 23:55:32.239404	\N
457	Билли Айлиш	\N	\N	\N	\N	2024-04-12 23:55:32.272484	\N
458	Холли Хантер	\N	\N	\N	\N	2024-04-12 23:55:32.303669	\N
459	Владимир Ильин	\N	\N	\N	\N	2024-04-12 23:55:32.334625	\N
460	Анатолий Беляшов	\N	\N	\N	\N	2024-04-12 23:55:32.378924	\N
461	Александр Адабашьян	\N	\N	\N	\N	2024-04-12 23:55:32.411273	\N
462	Бри Ларсон	\N	\N	\N	\N	2024-04-12 23:55:32.443337	\N
463	Майкл Иронсайд	\N	\N	\N	\N	2024-04-12 23:55:32.473932	\N
464	Робин Уильямс	\N	\N	\N	\N	2024-04-12 23:55:32.506118	\N
465	Лаура Линни	\N	\N	\N	\N	2024-04-12 23:55:32.536845	\N
466	Бурчу Арас	\N	\N	\N	\N	2024-04-12 23:55:32.568866	\N
467	Анна Ганн	\N	\N	\N	\N	2024-04-12 23:55:32.601102	\N
468	Сергей Бурунов	\N	\N	\N	\N	2024-04-12 23:55:32.632111	\N
469	Мелисса Асли Памук	\N	\N	\N	\N	2024-04-12 23:55:32.661532	\N
470	Карл Урбан	\N	\N	\N	\N	2024-04-12 23:55:32.692003	\N
471	Мария Аронова	\N	\N	\N	\N	2024-04-12 23:55:32.723548	\N
472	Лиам Хемсворт	\N	\N	\N	\N	2024-04-12 23:55:32.756289	\N
473	Вячеслав Манучаров	\N	\N	\N	\N	2024-04-12 23:55:32.786607	\N
474	Стокард Ченнинг	\N	\N	\N	\N	2024-04-12 23:55:32.818651	\N
475	Брайан Крэнстон	\N	\N	\N	\N	2024-04-12 23:55:32.850253	\N
476	Мила Йовович	\N	\N	\N	\N	2024-04-12 23:55:32.881088	\N
477	Энди Гарсиа	\N	\N	\N	\N	2024-04-12 23:55:32.911399	\N
478	Элден Эренрайк	\N	\N	\N	\N	2024-04-12 23:55:32.941074	\N
479	Эмир Кустурица	\N	\N	\N	\N	2024-04-12 23:55:32.9736	\N
480	Курт Англ	\N	\N	\N	\N	2024-04-12 23:55:33.005802	\N
481	Дэвид Харбор	\N	\N	\N	\N	2024-04-12 23:55:33.036304	\N
482	Станислав Любшин	\N	\N	\N	\N	2024-04-12 23:55:33.076146	\N
483	Хилари Суонк	\N	\N	\N	\N	2024-04-12 23:55:33.110032	\N
484	Джули Дельпи	\N	\N	\N	\N	2024-04-12 23:55:33.142343	\N
485	Сандра О	\N	\N	\N	\N	2024-04-12 23:55:33.173135	\N
486	Мартин Шин	\N	\N	\N	\N	2024-04-12 23:55:33.202543	\N
487	Анджелина Джоли	\N	\N	\N	\N	2024-04-12 23:55:33.233037	\N
488	Ханде Эрчель	\N	\N	\N	\N	2024-04-12 23:55:33.264634	\N
489	Наташа Лионн	\N	\N	\N	\N	2024-04-12 23:55:33.295159	\N
490	Эмилио Эстевес	\N	\N	\N	\N	2024-04-12 23:55:33.326412	\N
491	Мурат Боз	\N	\N	\N	\N	2024-04-12 23:55:33.356862	\N
492	Эмми Россум	\N	\N	\N	\N	2024-04-12 23:55:33.400352	\N
493	Адам Сэндлер	\N	\N	\N	\N	2024-04-12 23:55:33.434693	\N
494	Юлия Ауг	\N	\N	\N	\N	2024-04-12 23:55:33.467619	\N
495	Вигго Мортенсен	\N	\N	\N	\N	2024-04-12 23:55:33.501168	\N
496	Синди Лопер	\N	\N	\N	\N	2024-04-12 23:55:33.533677	\N
497	Кара Делевинь	\N	\N	\N	\N	2024-04-12 23:55:33.566165	\N
498	Робин Райт	\N	\N	\N	\N	2024-04-12 23:55:33.597807	\N
499	Ирина Гришина	\N	\N	\N	\N	2024-04-12 23:55:33.628301	\N
500	Элайджа Вуд	\N	\N	\N	\N	2024-04-12 23:55:33.660396	\N
501	Гари Олдман	\N	\N	\N	\N	2024-04-12 23:55:33.691896	\N
502	Алексей Петренко	\N	\N	\N	\N	2024-04-12 23:55:33.72331	\N
503	Дайан Крюгер	\N	\N	\N	\N	2024-04-12 23:55:33.765499	\N
504	Ольга Белова	\N	\N	\N	\N	2024-04-12 23:55:33.797343	\N
505	Дженнифер Анистон	\N	\N	\N	\N	2024-04-12 23:55:33.829295	\N
506	Туба Юнгуч	\N	\N	\N	\N	2024-04-12 23:55:33.861164	\N
507	Эдгар Рамирез	\N	\N	\N	\N	2024-04-12 23:55:33.892658	\N
508	Николас Холт	\N	\N	\N	\N	2024-04-12 23:55:33.924096	\N
509	Наталья Андрейченко	\N	\N	\N	\N	2024-04-12 23:55:33.966559	\N
510	Хью Лори	\N	\N	\N	\N	2024-04-12 23:55:33.999134	\N
511	Ричард Мэдден	\N	\N	\N	\N	2024-04-12 23:55:34.030604	\N
512	Шарлотта Лоуренс	\N	\N	\N	\N	2024-04-12 23:55:34.062478	\N
513	Джулия Луис-Дрейфус	\N	\N	\N	\N	2024-04-12 23:55:34.094187	\N
514	Хейли Стайнфелд	\N	\N	\N	\N	2024-04-12 23:55:34.12611	\N
515	Кристофер Мелони	\N	\N	\N	\N	2024-04-12 23:55:34.157474	\N
516	Джессика Лэнг	\N	\N	\N	\N	2024-04-12 23:55:34.200047	\N
517	Билли Идол	\N	\N	\N	\N	2024-04-12 23:55:34.244848	\N
518	Люк Эванс	\N	\N	\N	\N	2024-04-12 23:55:34.279432	\N
519	Джим Бродбент	\N	\N	\N	\N	2024-04-12 23:55:34.321441	\N
520	Гленн Клоз	\N	\N	\N	\N	2024-04-12 23:55:34.354413	\N
521	Майкл Фассбендер	\N	\N	\N	\N	2024-04-12 23:55:34.38695	\N
522	Светлана Крючкова	\N	\N	\N	\N	2024-04-12 23:55:34.417294	\N
523	Дастин Хоффман	\N	\N	\N	\N	2024-04-12 23:55:34.449268	\N
524	Алек Болдуин	\N	\N	\N	\N	2024-04-12 23:55:34.478416	\N
525	Райан Мерфи	\N	\N	\N	\N	2024-04-12 23:55:34.519941	\N
526	Александр Дьяченко	\N	\N	\N	\N	2024-04-12 23:55:34.551809	\N
527	Евгений Петросян	\N	\N	\N	\N	2024-04-12 23:55:34.583891	\N
528	Роберт Дауни мл.	\N	\N	\N	\N	2024-04-12 23:55:34.616165	\N
529	Ник Джонас	\N	\N	\N	\N	2024-04-12 23:55:34.647921	\N
530	Ума Турман	\N	\N	\N	\N	2024-04-12 23:55:34.682286	\N
531	Алексей Бардуков	\N	\N	\N	\N	2024-04-12 23:55:34.713834	\N
532	Энтони Рамос	\N	\N	\N	\N	2024-04-12 23:55:34.744887	\N
533	Линда Хэмилтон	\N	\N	\N	\N	2024-04-12 23:55:34.776216	\N
534	Леа Сейду	\N	\N	\N	\N	2024-04-12 23:55:34.807225	\N
535	Джулия Льюис	\N	\N	\N	\N	2024-04-12 23:55:34.839103	\N
536	Кенджи Адэнгюн	\N	\N	\N	\N	2024-04-12 23:55:34.871096	\N
537	Эва Лонгория	\N	\N	\N	\N	2024-04-12 23:55:34.903325	\N
538	Валентина Токар	\N	\N	\N	\N	2024-04-12 23:55:34.943683	\N
539	Тесса Томпсон	\N	\N	\N	\N	2024-04-12 23:55:34.975576	\N
540	Габриэль Бирн	\N	\N	\N	\N	2024-04-12 23:55:35.007962	\N
541	Майкл Сарразин	\N	\N	\N	\N	2024-04-12 23:55:35.038983	\N
542	Джек Куэйд	\N	\N	\N	\N	2024-04-12 23:55:35.06932	\N
543	Валентина Талызина	\N	\N	\N	\N	2024-04-12 23:55:35.102103	\N
544	Дэвид Швиммер	\N	\N	\N	\N	2024-04-12 23:55:35.136199	\N
545	Дайан Лэйн	\N	\N	\N	\N	2024-04-12 23:55:35.167761	\N
546	Джет Ли	\N	\N	\N	\N	2024-04-12 23:55:35.199877	\N
547	Ольга Будина	\N	\N	\N	\N	2024-04-12 23:55:35.231958	\N
548	Наталья Варлей	\N	\N	\N	\N	2024-04-12 23:55:35.264309	\N
549	Шейлин Вудли	\N	\N	\N	\N	2024-04-12 23:55:35.296143	\N
550	Эдди Мерфи	\N	\N	\N	\N	2024-04-12 23:55:35.329453	\N
551	Сергей Левин	\N	\N	\N	\N	2024-04-12 23:55:35.362207	\N
552	Аль Пачино	\N	\N	\N	\N	2024-04-12 23:55:35.394043	\N
553	Кевин Спейси	\N	\N	\N	\N	2024-04-12 23:55:35.426166	\N
554	Инга Оболдина	\N	\N	\N	\N	2024-04-12 23:55:35.45723	\N
555	Глэнн Клоуз	\N	\N	\N	\N	2024-04-12 23:55:35.48968	\N
556	Энтони Хопкинс	\N	\N	\N	\N	2024-04-12 23:55:35.541235	\N
557	Виталий Гогунский	\N	\N	\N	\N	2024-04-12 23:55:35.573436	\N
558	Эд Скрейн	\N	\N	\N	\N	2024-04-12 23:55:35.605969	\N
559	Евгения Глушенко	\N	\N	\N	\N	2024-04-12 23:55:35.637232	\N
560	Маргарет Куэлли	\N	\N	\N	\N	2024-04-12 23:55:35.668669	\N
561	Джек Николсон	\N	\N	\N	\N	2024-04-12 23:55:35.700884	\N
562	Клер Дэйнс	\N	\N	\N	\N	2024-04-12 23:55:35.732197	\N
563	Айбюке Пусат	\N	\N	\N	\N	2024-04-12 23:55:35.766115	\N
564	Игорь Лифанов	\N	\N	\N	\N	2024-04-12 23:55:35.811258	\N
565	Мерьем Узерли	\N	\N	\N	\N	2024-04-12 23:55:35.843711	\N
566	Джош Гад	\N	\N	\N	\N	2024-04-12 23:55:35.876305	\N
567	Юрий Воля	\N	\N	\N	\N	2024-04-12 23:55:35.908653	\N
568	Ник Кейв	\N	\N	\N	\N	2024-04-12 23:55:35.940781	\N
569	Уиллем Дефо	\N	\N	\N	\N	2024-04-12 23:55:35.973457	\N
570	Эдриана Лима	\N	\N	\N	\N	2024-04-12 23:55:36.004914	\N
571	Екатерина Климова	\N	\N	\N	\N	2024-04-12 23:55:36.038719	\N
572	Стив Карелл	\N	\N	\N	\N	2024-04-12 23:55:36.070854	\N
573	Брэд Питт	\N	\N	\N	\N	2024-04-12 23:55:36.113094	\N
574	Джоан Аллен	\N	\N	\N	\N	2024-04-12 23:55:36.144137	\N
575	Демет Эвгар	\N	\N	\N	\N	2024-04-12 23:55:36.175018	\N
576	Рейчел МакАдамс	\N	\N	\N	\N	2024-04-12 23:55:36.205252	\N
577	Владимир Машков	\N	\N	\N	\N	2024-04-12 23:55:36.237202	\N
578	Мэттью Бродерик	\N	\N	\N	\N	2024-04-12 23:55:36.270939	\N
579	Кира Найтли	\N	\N	\N	\N	2024-04-12 23:55:36.304057	\N
580	Александр Скарсгард	\N	\N	\N	\N	2024-04-12 23:55:36.346144	\N
581	Майкл Даддарио	\N	\N	\N	\N	2024-04-12 23:55:36.387389	\N
582	Томас Броди-Сэнгстер	\N	\N	\N	\N	2024-04-12 23:55:36.417612	\N
583	Дэвид Финчер	\N	\N	\N	\N	2024-04-12 23:55:36.449387	\N
584	Даниэль Калуя	\N	\N	\N	\N	2024-04-12 23:55:36.483392	\N
585	Элизабет Мосс	\N	\N	\N	\N	2024-04-12 23:55:36.515502	\N
586	Эми Шумер	\N	\N	\N	\N	2024-04-12 23:55:36.558635	\N
587	Елена Ксенофонтова	\N	\N	\N	\N	2024-04-12 23:55:36.598323	\N
588	Том Круз	\N	\N	\N	\N	2024-04-12 23:55:36.629862	\N
589	Марк Хэмилл	\N	\N	\N	\N	2024-04-12 23:55:36.660557	\N
590	Ансель Элгорт	\N	\N	\N	\N	2024-04-12 23:55:36.690538	\N
591	Грета Скакки	\N	\N	\N	\N	2024-04-12 23:55:36.721683	\N
592	Хазар Эргючлю	\N	\N	\N	\N	2024-04-12 23:55:36.761325	\N
593	Мэл Гибсон	\N	\N	\N	\N	2024-04-12 23:55:36.793896	\N
594	Джоди Фостер	\N	\N	\N	\N	2024-04-12 23:55:36.826487	\N
595	Энгин Акюрек	\N	\N	\N	\N	2024-04-12 23:55:36.857326	\N
596	Артур Смольянинов	\N	\N	\N	\N	2024-04-12 23:55:36.898844	\N
597	Мег Райан	\N	\N	\N	\N	2024-04-12 23:55:36.942148	\N
598	Ирина Розанова	\N	\N	\N	\N	2024-04-12 23:55:36.995366	\N
599	Джош Рэднор	\N	\N	\N	\N	2024-04-12 23:55:37.029146	\N
600	Антони Рамос	\N	\N	\N	\N	2024-04-12 23:55:37.06202	\N
601	Алессандра Нивола	\N	\N	\N	\N	2024-04-12 23:55:37.093104	\N
602	Бюрак Севинчер	\N	\N	\N	\N	2024-04-12 23:55:37.123699	\N
603	Чарли Шин	\N	\N	\N	\N	2024-04-12 23:55:37.158095	\N
604	Сандра Буллок	\N	\N	\N	\N	2024-04-12 23:55:37.200113	\N
605	Майкл Китон	\N	\N	\N	\N	2024-04-12 23:55:37.232155	\N
606	Рами Малек	\N	\N	\N	\N	2024-04-12 23:55:37.264755	\N
607	София Вергара	\N	\N	\N	\N	2024-04-12 23:55:37.304469	\N
608	Эндрю Гарфилд	\N	\N	\N	\N	2024-04-12 23:55:37.335049	\N
609	Патрик Стюарт	\N	\N	\N	\N	2024-04-13 19:52:19.341098	\N
610	Иэн Маккеллен	\N	\N	\N	\N	2024-04-13 19:52:19.362114	\N
611	Холли Берри	\N	\N	\N	\N	2024-04-13 19:52:19.381623	\N
612	Фамке Янссен	\N	\N	\N	\N	2024-04-13 19:52:19.40317	\N
613	Анна Пэкуин	\N	\N	\N	\N	2024-04-13 19:52:19.423362	\N
614	Ребекка Ромейн	\N	\N	\N	\N	2024-04-13 19:52:19.444966	\N
615	Брайан Кокс	\N	\N	\N	\N	2024-04-13 19:52:19.464324	\N
616	Алан Камминг	\N	\N	\N	\N	2024-04-13 19:52:19.483288	\N
617	Брюс Дэвисон	\N	\N	\N	\N	2024-04-13 19:52:19.502708	\N
618	Хьюго Уивинг	\N	\N	\N	\N	2024-04-13 19:58:58.693919	\N
619	Кэрри-Энн Мосс	\N	\N	\N	\N	2024-04-13 19:58:58.714029	\N
620	Джада Пинкетт Смит	\N	\N	\N	\N	2024-04-13 19:58:58.73411	\N
621	Глория Фостер	\N	\N	\N	\N	2024-04-13 19:58:58.754019	\N
622	Хэролд Перрино	\N	\N	\N	\N	2024-04-13 19:58:58.77488	\N
623	Моника Беллуччи	\N	\N	\N	\N	2024-04-13 19:58:58.795006	\N
624	Ламбер Вильсон	\N	\N	\N	\N	2024-04-13 19:58:58.816515	\N
625	Рэндолл Дак Ким	\N	\N	\N	\N	2024-04-13 19:58:58.836294	\N
626	Гарри Дж. Ленникс	\N	\N	\N	\N	2024-04-13 19:58:58.859348	\N
627	Энтони Цербе	\N	\N	\N	\N	2024-04-13 19:58:58.879046	\N
628	Адам Лэмберг	\N	\N	\N	\N	2024-04-13 20:14:31.598089	\N
629	Халли Морган	\N	\N	\N	\N	2024-04-13 20:14:31.620285	\N
630	Роберт Кэрредин	\N	\N	\N	\N	2024-04-13 20:14:31.643214	\N
631	Джейк Томас	\N	\N	\N	\N	2024-04-13 20:14:31.66638	\N
632	Эшли Брилло	\N	\N	\N	\N	2024-04-13 20:14:31.690701	\N
633	Клэйтон Снайдер	\N	\N	\N	\N	2024-04-13 20:14:31.71478	\N
634	Алекс Борштейн	\N	\N	\N	\N	2024-04-13 20:14:31.738766	\N
635	Яни Гельман	\N	\N	\N	\N	2024-04-13 20:14:31.763003	\N
636	Брендан Келли	\N	\N	\N	\N	2024-04-13 20:14:31.785157	\N
637	Карли Шредер	\N	\N	\N	\N	2024-04-13 20:14:31.809143	\N
638	Дэниэл Эскобар	\N	\N	\N	\N	2024-04-13 20:14:31.832422	\N
639	Джо Пантольяно	\N	\N	\N	\N	2024-04-13 20:19:08.684582	\N
640	Маркус Чонг	\N	\N	\N	\N	2024-04-13 20:19:08.705276	\N
641	Джулиан Араханга	\N	\N	\N	\N	2024-04-13 20:19:08.726701	\N
642	Мэтт Доран	\N	\N	\N	\N	2024-04-13 20:19:08.749643	\N
643	Белинда МакКлори	\N	\N	\N	\N	2024-04-13 20:19:08.769134	\N
644	Энтони Рэй Паркер	\N	\N	\N	\N	2024-04-13 20:19:08.789079	\N
645	Пол Годдард	\N	\N	\N	\N	2024-04-13 20:19:08.809421	\N
646	Стив Зан	\N	\N	\N	\N	2024-04-13 20:19:09.750229	\N
647	Джефф Гарлин	\N	\N	\N	\N	2024-04-13 20:19:09.769674	\N
648	Реджина Кинг	\N	\N	\N	\N	2024-04-13 20:19:09.791758	\N
649	Анжелика Хьюстон	\N	\N	\N	\N	2024-04-13 20:19:09.81371	\N
650	Кевин Нилон	\N	\N	\N	\N	2024-04-13 20:19:09.834256	\N
651	Джонатан Кац	\N	\N	\N	\N	2024-04-13 20:19:09.854371	\N
652	Шиван Фэллон Хоган	\N	\N	\N	\N	2024-04-13 20:19:09.876005	\N
653	Лиза Эдельштейн	\N	\N	\N	\N	2024-04-13 20:19:09.895226	\N
654	Лэйси Шабер	\N	\N	\N	\N	2024-04-13 20:19:09.916874	\N
655	Лаура Кайтлингер	\N	\N	\N	\N	2024-04-13 20:19:09.936871	\N
656	Лайла Арсиери	\N	\N	\N	\N	2024-04-13 20:19:09.958866	\N
657	Джон Войт	\N	\N	\N	\N	2024-04-13 20:19:19.530943	\N
658	Патриша Аркетт	\N	\N	\N	\N	2024-04-13 20:19:19.550801	\N
659	Тим Блейк Нельсон	\N	\N	\N	\N	2024-04-13 20:19:19.570851	\N
660	Генри Уинклер	\N	\N	\N	\N	2024-04-13 20:19:19.591421	\N
661	Рик Фокс	\N	\N	\N	\N	2024-04-13 20:19:19.611465	\N
662	Кен Давитян	\N	\N	\N	\N	2024-04-13 20:19:19.63357	\N
663	Эрта Китт	\N	\N	\N	\N	2024-04-13 20:19:19.65526	\N
664	Хлео Томас	\N	\N	\N	\N	2024-04-13 20:19:19.675813	\N
665	Байрон Коттон	\N	\N	\N	\N	2024-04-13 20:19:19.697716	\N
666	Нэйтан Дэвис	\N	\N	\N	\N	2024-04-13 20:19:19.717711	\N
667	Чоу Юнь-Фат	\N	\N	\N	\N	2024-04-13 20:19:21.081335	\N
668	Шонн Уильям Скотт	\N	\N	\N	\N	2024-04-13 20:19:21.101313	\N
669	Джейми Кинг	\N	\N	\N	\N	2024-04-13 20:19:21.121348	\N
670	Карел Роден	\N	\N	\N	\N	2024-04-13 20:19:21.141216	\N
671	Виктория Смёрфит	\N	\N	\N	\N	2024-04-13 20:19:21.161038	\N
672	Маркус Жан Пирэ	\N	\N	\N	\N	2024-04-13 20:19:21.181762	\N
673	Мако	\N	\N	\N	\N	2024-04-13 20:19:21.201116	\N
674	Роджер Юань	\N	\N	\N	\N	2024-04-13 20:19:21.222974	\N
675	К.К. Коллинз	\N	\N	\N	\N	2024-04-13 20:19:21.243338	\N
676	Шон Белл	\N	\N	\N	\N	2024-04-13 20:19:21.26356	\N
677	Кишая Дадли	\N	\N	\N	\N	2024-04-13 20:19:21.283686	\N
678	Роб Арчер	\N	\N	\N	\N	2024-04-13 20:19:21.304694	\N
679	Мариса Томей	\N	\N	\N	\N	2024-04-13 20:19:31.272269	\N
680	Луис Гусман	\N	\N	\N	\N	2024-04-13 20:19:31.293122	\N
681	Джонатан Лоугрэн	\N	\N	\N	\N	2024-04-13 20:19:31.313787	\N
682	Курт Фуллер	\N	\N	\N	\N	2024-04-13 20:19:31.335895	\N
683	Криста Аллен	\N	\N	\N	\N	2024-04-13 20:19:31.359187	\N
684	Дженьюэри Джонс	\N	\N	\N	\N	2024-04-13 20:19:31.382745	\N
685	Вуди Харрельсон	\N	\N	\N	\N	2024-04-13 20:19:31.406236	\N
686	Хизер Грэм	\N	\N	\N	\N	2024-04-13 20:19:31.42944	\N
687	Стивен Данэм	\N	\N	\N	\N	2024-04-13 20:19:31.453246	\N
688	Шон Эстин	\N	\N	\N	\N	2024-04-13 20:19:32.812843	\N
689	Джон Рис-Дэвис	\N	\N	\N	\N	2024-04-13 20:19:32.836232	\N
690	Бернард Хилл	\N	\N	\N	\N	2024-04-13 20:19:32.858022	\N
691	Кристофер Ли	\N	\N	\N	\N	2024-04-13 20:19:32.87885	\N
692	Билли Бойд	\N	\N	\N	\N	2024-04-13 20:19:32.897463	\N
693	Брюс Олпресс	\N	\N	\N	\N	2024-04-13 20:19:32.917203	\N
694	Эдвард Бёрнс	\N	\N	\N	\N	2024-04-13 20:19:41.922025	\N
695	Рэйчел Вайс	\N	\N	\N	\N	2024-04-13 20:19:41.943961	\N
696	Моррис Честнат	\N	\N	\N	\N	2024-04-13 20:19:41.966621	\N
697	Лиленд Орсер	\N	\N	\N	\N	2024-04-13 20:19:41.990944	\N
698	Луис Ломбарди	\N	\N	\N	\N	2024-04-13 20:19:42.0136	\N
699	Пол Джаматти	\N	\N	\N	\N	2024-04-13 20:19:42.03652	\N
700	Брайан Ван Холт	\N	\N	\N	\N	2024-04-13 20:19:42.062122	\N
701	Донал Лог	\N	\N	\N	\N	2024-04-13 20:19:42.082826	\N
702	Эйприл О’Брайен	\N	\N	\N	\N	2024-04-13 20:19:42.110737	\N
703	Парминдер К. Награ	\N	\N	\N	\N	2024-04-13 20:19:43.111529	\N
704	Джонатан Риз Майерс	\N	\N	\N	\N	2024-04-13 20:19:43.136154	\N
705	Анупам Кхер	\N	\N	\N	\N	2024-04-13 20:19:43.156571	\N
706	Арчи Панджаби	\N	\N	\N	\N	2024-04-13 20:19:43.177692	\N
707	Шезней Льюис	\N	\N	\N	\N	2024-04-13 20:19:43.198586	\N
708	Фрэнк Харпер	\N	\N	\N	\N	2024-04-13 20:19:43.219464	\N
709	Джульет Стивенсон	\N	\N	\N	\N	2024-04-13 20:19:43.239226	\N
710	Шахин Кхан	\N	\N	\N	\N	2024-04-13 20:19:43.263123	\N
711	Амит Чана	\N	\N	\N	\N	2024-04-13 20:19:43.287147	\N
712	Пуджа Шах	\N	\N	\N	\N	2024-04-13 20:19:43.312244	\N
713	Пэвен Вирк	\N	\N	\N	\N	2024-04-13 20:19:43.334466	\N
714	Кифер Сазерленд	\N	\N	\N	\N	2024-04-13 20:19:53.124947	\N
715	Форест Уитакер	\N	\N	\N	\N	2024-04-13 20:19:53.14613	\N
716	Рада Митчелл	\N	\N	\N	\N	2024-04-13 20:19:53.167285	\N
717	Кэти Холмс	\N	\N	\N	\N	2024-04-13 20:19:53.188902	\N
718	Пола Джей Паркер	\N	\N	\N	\N	2024-04-13 20:19:53.214028	\N
719	Ариан Эш	\N	\N	\N	\N	2024-04-13 20:19:53.234962	\N
720	Тиа Техада	\N	\N	\N	\N	2024-04-13 20:19:53.256208	\N
721	Джон Инос III	\N	\N	\N	\N	2024-04-13 20:19:53.278336	\N
722	Ричард Т. Джонс	\N	\N	\N	\N	2024-04-13 20:19:53.299392	\N
723	Кит Ноббс	\N	\N	\N	\N	2024-04-13 20:19:53.322028	\N
724	Делл Йонт	\N	\N	\N	\N	2024-04-13 20:19:53.342181	\N
725	Роб Шнайдер	\N	\N	\N	\N	2024-04-13 20:19:54.530574	\N
726	Мэттью Лоуренс	\N	\N	\N	\N	2024-04-13 20:19:54.554328	\N
727	Эрик Кристиан Олсен	\N	\N	\N	\N	2024-04-13 20:19:54.57513	\N
728	Роберт Дави	\N	\N	\N	\N	2024-04-13 20:19:54.595035	\N
729	Мелора Хардин	\N	\N	\N	\N	2024-04-13 20:19:54.615468	\N
730	Александра Холден	\N	\N	\N	\N	2024-04-13 20:19:54.638677	\N
731	Рэйчел Макадамс	\N	\N	\N	\N	2024-04-13 20:19:54.660235	\N
732	Марица Мюррэй	\N	\N	\N	\N	2024-04-13 20:19:54.681953	\N
733	Фэй Хаузер	\N	\N	\N	\N	2024-04-13 20:19:54.701925	\N
734	Джоди Лонг	\N	\N	\N	\N	2024-04-13 20:19:54.723342	\N
735	Бриджет Мойнэхэн	\N	\N	\N	\N	2024-04-13 20:20:04.042382	\N
736	Гэбриел Махт	\N	\N	\N	\N	2024-04-13 20:20:04.066268	\N
737	Кеннет Митчелл	\N	\N	\N	\N	2024-04-13 20:20:04.088954	\N
738	Майк Рилба	\N	\N	\N	\N	2024-04-13 20:20:04.114621	\N
739	Рон Лиа	\N	\N	\N	\N	2024-04-13 20:20:04.13732	\N
740	Карл Прюнер	\N	\N	\N	\N	2024-04-13 20:20:04.160394	\N
741	Джини Колледжа	\N	\N	\N	\N	2024-04-13 20:20:04.183572	\N
742	Дженни Ливайн	\N	\N	\N	\N	2024-04-13 20:20:04.20661	\N
743	Анджело Царучас	\N	\N	\N	\N	2024-04-13 20:20:04.232665	\N
744	Вероника Харник	\N	\N	\N	\N	2024-04-13 20:20:04.257525	\N
745	Джина Торрес	\N	\N	\N	\N	2024-04-13 20:20:06.509015	\N
746	Мэри Элис	\N	\N	\N	\N	2024-04-13 20:20:06.572532	\N
747	Брюс Спенс	\N	\N	\N	\N	2024-04-13 20:20:06.597042	\N
748	Нэтаниэл Лис	\N	\N	\N	\N	2024-04-13 20:20:06.621137	\N
749	Джейми Кеннеди	\N	\N	\N	\N	2024-04-13 20:20:15.676345	\N
750	Тэй Диггз	\N	\N	\N	\N	2024-04-13 20:20:15.699111	\N
751	Энтони Андерсон	\N	\N	\N	\N	2024-04-13 20:20:15.719433	\N
752	Реджина Холл	\N	\N	\N	\N	2024-04-13 20:20:15.741622	\N
753	Блэр Андервуд	\N	\N	\N	\N	2024-04-13 20:20:15.760391	\N
754	Дэмиен Уайанс	\N	\N	\N	\N	2024-04-13 20:20:15.78146	\N
755	Райан О’Нил	\N	\N	\N	\N	2024-04-13 20:20:15.800282	\N
756	Бо Дерек	\N	\N	\N	\N	2024-04-13 20:20:15.820517	\N
757	Джеффри Тэмбор	\N	\N	\N	\N	2024-04-13 20:20:15.841545	\N
758	Кэл Пенн	\N	\N	\N	\N	2024-04-13 20:20:15.862837	\N
759	Ник Свардсон	\N	\N	\N	\N	2024-04-13 20:20:15.884908	\N
760	Кейли Лефковитц	\N	\N	\N	\N	2024-04-13 20:20:15.906755	\N
761	Хью Грант	\N	\N	\N	\N	2024-04-13 20:20:17.718303	\N
762	Алисия Уитт	\N	\N	\N	\N	2024-04-13 20:20:17.741409	\N
763	Дэна Айви	\N	\N	\N	\N	2024-04-13 20:20:17.761498	\N
764	Роберт Клейн	\N	\N	\N	\N	2024-04-13 20:20:17.781187	\N
765	Хезер Бёрнс	\N	\N	\N	\N	2024-04-13 20:20:17.800334	\N
766	Дэвид Хэйг	\N	\N	\N	\N	2024-04-13 20:20:17.825779	\N
767	Дориан Миссик	\N	\N	\N	\N	2024-04-13 20:20:17.84642	\N
768	Джозеф Бадалукко мл.	\N	\N	\N	\N	2024-04-13 20:20:17.866145	\N
769	Джонатан Докучиц	\N	\N	\N	\N	2024-04-13 20:20:17.887693	\N
770	Винни Кокс	\N	\N	\N	\N	2024-04-13 20:20:17.909222	\N
771	Джанин ЛаМанна	\N	\N	\N	\N	2024-04-13 20:20:17.929675	\N
772	Дерек Ричардсон	\N	\N	\N	\N	2024-04-13 20:20:27.599039	\N
773	Шери Отери	\N	\N	\N	\N	2024-04-13 20:20:27.620435	\N
774	Элден Хенсон	\N	\N	\N	\N	2024-04-13 20:20:27.646988	\N
775	Уильям Ли Скотт	\N	\N	\N	\N	2024-04-13 20:20:27.66715	\N
776	Мими Роджерс	\N	\N	\N	\N	2024-04-13 20:20:27.689513	\N
777	Юджин Леви	\N	\N	\N	\N	2024-04-13 20:20:27.709662	\N
778	Тимоти Стэк	\N	\N	\N	\N	2024-04-13 20:20:27.729226	\N
779	Уэйн Федерман	\N	\N	\N	\N	2024-04-13 20:20:27.748466	\N
780	Лукас Грегори	\N	\N	\N	\N	2024-04-13 20:20:27.770086	\N
781	Марк Уолберг	\N	\N	\N	\N	2024-04-13 20:20:29.413155	\N
782	Дональд Сазерленд	\N	\N	\N	\N	2024-04-13 20:20:29.433788	\N
783	Сет Грин	\N	\N	\N	\N	2024-04-13 20:20:29.453672	\N
784	Ясин Бей	\N	\N	\N	\N	2024-04-13 20:20:29.474679	\N
785	Эдвард Нортон	\N	\N	\N	\N	2024-04-13 20:20:29.493871	\N
786	Фаусто Каллегарини	\N	\N	\N	\N	2024-04-13 20:20:29.514953	\N
787	Стефано Петронелли	\N	\N	\N	\N	2024-04-13 20:20:29.536351	\N
788	Фабио Скарпа	\N	\N	\N	\N	2024-04-13 20:20:29.557038	\N
789	Кристьяно Бонора	\N	\N	\N	\N	2024-04-13 20:20:29.577828	\N
790	Тиберио Греко	\N	\N	\N	\N	2024-04-13 20:20:29.597	\N
791	Энгус Макфадьен	\N	\N	\N	\N	2024-04-13 20:20:39.209766	\N
792	Шон Бин	\N	\N	\N	\N	2024-04-13 20:20:39.233892	\N
793	Эмили Уотсон	\N	\N	\N	\N	2024-04-13 20:20:39.256767	\N
794	Уильям Фихтнер	\N	\N	\N	\N	2024-04-13 20:20:39.281342	\N
795	Мэттью Харбор	\N	\N	\N	\N	2024-04-13 20:20:39.303443	\N
796	Эмили Сьеверт	\N	\N	\N	\N	2024-04-13 20:20:39.325705	\N
797	Шон Пертуи	\N	\N	\N	\N	2024-04-13 20:20:39.347018	\N
798	Доминик Пёрселл	\N	\N	\N	\N	2024-04-13 20:20:39.369043	\N
799	Кристиан Карманн	\N	\N	\N	\N	2024-04-13 20:20:39.39237	\N
800	Джон Кеог	\N	\N	\N	\N	2024-04-13 20:20:39.416258	\N
801	Ник Стал	\N	\N	\N	\N	2024-04-13 20:20:42.050272	\N
802	Клэр Дэйнс	\N	\N	\N	\N	2024-04-13 20:20:42.073721	\N
803	Кристанна Локен	\N	\N	\N	\N	2024-04-13 20:20:42.095068	\N
804	Дэвид Эндрюс	\N	\N	\N	\N	2024-04-13 20:20:42.117308	\N
805	Марк Фамильетти	\N	\N	\N	\N	2024-04-13 20:20:42.140144	\N
806	Эрл Боэн	\N	\N	\N	\N	2024-04-13 20:20:42.161761	\N
807	Мойра Харрис	\N	\N	\N	\N	2024-04-13 20:20:42.18539	\N
808	Чоппер Бернет	\N	\N	\N	\N	2024-04-13 20:20:42.209236	\N
809	Кристофер Лоуфорд	\N	\N	\N	\N	2024-04-13 20:20:42.234975	\N
810	Кэролин Хеннеси	\N	\N	\N	\N	2024-04-13 20:20:42.258812	\N
811	Джей Аковоне	\N	\N	\N	\N	2024-04-13 20:20:42.283884	\N
