1	Зак Пенн	\N	\N	\N	2024-04-13 19:52:19.524156	\N
2	Дэвид Хэйтер	\N	\N	\N	2024-04-13 19:52:19.545416	\N
3	Брайан Сингер	\N	\N	\N	2024-04-13 19:52:19.56476	\N
4	Майкл Догерти	\N	\N	\N	2024-04-13 19:52:19.585915	\N
5	Дэн Харрис	\N	\N	\N	2024-04-13 19:52:19.607006	\N
6	Лилли Вачовски	\N	\N	\N	2024-04-13 19:58:58.9003	\N
7	Лана Вачовски	\N	\N	\N	2024-04-13 19:58:58.921024	\N
8	Сьюзэн Эстель Джэнсен	\N	\N	\N	2024-04-13 20:14:31.856518	\N
9	Эд Дектер	\N	\N	\N	2024-04-13 20:14:31.880385	\N
10	Джон Дж. Штраусс	\N	\N	\N	2024-04-13 20:14:31.903534	\N
11	Терри Мински	\N	\N	\N	2024-04-13 20:14:31.92725	\N
12	Джефф Родкей	\N	\N	\N	2024-04-13 20:19:09.980144	\N
13	Луис Сачар	\N	\N	\N	2024-04-13 20:19:19.738236	\N
14	Этан Райфф	\N	\N	\N	2024-04-13 20:19:21.326524	\N
15	Сайрус Ворис	\N	\N	\N	2024-04-13 20:19:21.346424	\N
16	Дэвид Дорфман	\N	\N	\N	2024-04-13 20:19:31.484254	\N
17	Дж.Р.Р. Толкин	\N	\N	\N	2024-04-13 20:19:32.937164	\N
18	Фрэн Уолш	\N	\N	\N	2024-04-13 20:19:32.960672	\N
19	Филиппа Бойенс	\N	\N	\N	2024-04-13 20:19:32.981125	\N
20	Стивен Синклер	\N	\N	\N	2024-04-13 20:19:33.003332	\N
21	Питер Джексон	\N	\N	\N	2024-04-13 20:19:33.022848	\N
22	Даг Джанг	\N	\N	\N	2024-04-13 20:19:42.133239	\N
23	Гуриндер Чадха	\N	\N	\N	2024-04-13 20:19:43.357525	\N
24	Гюльджит Биндра	\N	\N	\N	2024-04-13 20:19:43.3803	\N
25	Пол Маеда Берджес	\N	\N	\N	2024-04-13 20:19:43.402045	\N
26	Ларри Коэн	\N	\N	\N	2024-04-13 20:19:53.360598	\N
27	Том Брэди	\N	\N	\N	2024-04-13 20:19:54.743762	\N
28	Роб Шнайдер	\N	\N	\N	2024-04-13 20:19:54.765817	\N
29	Роджер Таун	\N	\N	\N	2024-04-13 20:20:04.279548	\N
30	Курт Уиммер	\N	\N	\N	2024-04-13 20:20:04.303502	\N
31	Митч Глейзер	\N	\N	\N	2024-04-13 20:20:04.325513	\N
32	Факс Бар	\N	\N	\N	2024-04-13 20:20:15.929957	\N
33	Адам Смолл	\N	\N	\N	2024-04-13 20:20:15.951094	\N
34	Джейми Кеннеди	\N	\N	\N	2024-04-13 20:20:15.972837	\N
35	Ник Свардсон	\N	\N	\N	2024-04-13 20:20:15.992966	\N
36	Марк Лоуренс	\N	\N	\N	2024-04-13 20:20:17.97462	\N
37	Дэнни Байерс	\N	\N	\N	2024-04-13 20:20:27.790002	\N
38	Питер Фаррелли	\N	\N	\N	2024-04-13 20:20:27.809743	\N
39	Беннетт Йеллин	\N	\N	\N	2024-04-13 20:20:27.829895	\N
40	Бобби Фаррелли	\N	\N	\N	2024-04-13 20:20:27.850443	\N
41	Роберт Бренер	\N	\N	\N	2024-04-13 20:20:27.869777	\N
42	Трой Миллер	\N	\N	\N	2024-04-13 20:20:27.892719	\N
43	Трой Кеннеди-Мартин	\N	\N	\N	2024-04-13 20:20:29.618675	\N
44	Донна Пауэрс	\N	\N	\N	2024-04-13 20:20:29.639275	\N
45	Уэйн Пауэрс	\N	\N	\N	2024-04-13 20:20:29.662322	\N
46	Джеймс Кэмерон	\N	\N	\N	2024-04-13 20:20:42.30524	\N
47	Джон Бренкето	\N	\N	\N	2024-04-13 20:20:42.329207	\N
48	Гейл Энн Хёрд	\N	\N	\N	2024-04-13 20:20:42.351732	\N
49	Майкл Феррис	\N	\N	\N	2024-04-13 20:20:42.372587	\N
50	Теди Сарафьян	\N	\N	\N	2024-04-13 20:20:42.392839	\N
51	Дэвид Бениофф	\N	\N	\N	2024-04-13 21:17:59.378838	\N
52	Гай Берт	\N	\N	\N	2024-04-13 21:18:04.673432	\N
53	Бен Корт	\N	\N	\N	2024-04-13 21:18:04.695239	\N
54	Кэролайн Ип	\N	\N	\N	2024-04-13 21:18:04.7162	\N
55	Джин Родденберри	\N	\N	\N	2024-04-13 21:18:26.643874	\N
56	Джон Логан	\N	\N	\N	2024-04-13 21:18:26.665426	\N
57	Рик Берман	\N	\N	\N	2024-04-13 21:18:26.688829	\N
58	Брент Спайнер	\N	\N	\N	2024-04-13 21:18:26.710465	\N
59	Вуди Аллен	\N	\N	\N	2024-04-13 21:18:32.780537	\N
60	Дж.К. Роулинг	\N	\N	\N	2024-04-13 21:18:54.648625	\N
61	Стивен Кловз	\N	\N	\N	2024-04-13 21:18:54.670888	\N
62	Майкл Каннингем	\N	\N	\N	2024-04-13 21:19:00.135118	\N
63	Дэвид Хэа	\N	\N	\N	2024-04-13 21:19:00.159566	\N
64	Гэри Скотт Томпсон	\N	\N	\N	2024-04-13 21:19:20.02319	\N
65	Майкл Брандт	\N	\N	\N	2024-04-13 21:19:20.046561	\N
66	Дерек Хаас	\N	\N	\N	2024-04-13 21:19:20.070796	\N
67	Эдит Уортон	\N	\N	\N	2024-04-13 21:19:25.36344	\N
68	Теренс Дэвис	\N	\N	\N	2024-04-13 21:19:25.387175	\N
69	Фрэнк Эбегнейл мл.	\N	\N	\N	2024-04-13 21:19:44.447513	\N
70	Стэн Реддинг	\N	\N	\N	2024-04-13 21:19:44.469521	\N
71	Джефф Натансон	\N	\N	\N	2024-04-13 21:19:44.491863	\N
72	Мишель Александр	\N	\N	\N	2024-04-13 21:19:50.684766	\N
73	Дженни Лонг	\N	\N	\N	2024-04-13 21:19:50.706879	\N
74	Кристен Бакли	\N	\N	\N	2024-04-13 21:19:50.730889	\N
75	Брайан Риган	\N	\N	\N	2024-04-13 21:19:50.753696	\N
76	Бёрр Стирс	\N	\N	\N	2024-04-13 21:19:50.776747	\N
77	Марио Пьюзо	\N	\N	\N	2024-04-13 21:20:12.065918	\N
78	Фрэнсис Форд Коппола	\N	\N	\N	2024-04-13 21:20:12.088976	\N
79	Чарли Кауфман	\N	\N	\N	2024-04-13 21:20:17.842086	\N
80	Стивен Кинг	\N	\N	\N	2024-04-13 21:20:38.334601	\N
81	Фрэнк Дарабонт	\N	\N	\N	2024-04-13 21:20:38.358561	\N
82	Кристин Джонсон	\N	\N	\N	2024-04-13 21:20:43.657057	\N
83	Джесси Нельсон	\N	\N	\N	2024-04-13 21:20:43.678022	\N
84	Майкл Дж. Уилсон	\N	\N	\N	2024-04-13 21:21:09.366626	\N
85	Майкл Берг	\N	\N	\N	2024-04-13 21:21:09.39008	\N
86	Питер Экерман	\N	\N	\N	2024-04-13 21:21:09.413223	\N
87	Джеймс Бреснахэн	\N	\N	\N	2024-04-13 21:21:09.438151	\N
88	Даг Комптон	\N	\N	\N	2024-04-13 21:21:09.460244	\N
89	Джефф Сергей	\N	\N	\N	2024-04-13 21:21:09.482141	\N
90	Майк Тёрмайер	\N	\N	\N	2024-04-13 21:21:09.504244	\N
91	Гален Т. Чу	\N	\N	\N	2024-04-13 21:21:09.526032	\N
92	Ксет Файнберг	\N	\N	\N	2024-04-13 21:21:09.547084	\N
93	Майкл Куни	\N	\N	\N	2024-04-13 21:21:33.505999	\N
94	Томас Кенилли	\N	\N	\N	2024-04-13 21:21:56.772839	\N
95	Стивен Зеллиан	\N	\N	\N	2024-04-13 21:21:56.795449	\N
96	Оскар Уайльд	\N	\N	\N	2024-04-13 21:22:24.896625	\N
97	Оливер Паркер	\N	\N	\N	2024-04-13 21:22:24.919276	\N
98	Джордж Лукас	\N	\N	\N	2024-04-13 21:22:30.818262	\N
99	Андре Дюбюс	\N	\N	\N	2024-04-13 21:22:51.908848	\N
100	Роберт Фестингер	\N	\N	\N	2024-04-13 21:22:51.930153	\N
101	Тодд Филд	\N	\N	\N	2024-04-13 21:22:51.952382	\N
102	Кристофер Нолан	\N	\N	\N	2024-04-13 21:22:59.947206	\N
103	Джонатан Нолан	\N	\N	\N	2024-04-13 21:22:59.969771	\N
104	Хиллари Сайц	\N	\N	\N	2024-04-13 21:23:17.883784	\N
105	Николай Фробениус	\N	\N	\N	2024-04-13 21:23:17.905766	\N
106	Эрик Шёлдбьерг	\N	\N	\N	2024-04-13 21:23:17.92815	\N
107	Лоренс Хаубен	\N	\N	\N	2024-04-13 21:23:26.697869	\N
108	Бо Голдмэн	\N	\N	\N	2024-04-13 21:23:26.719921	\N
109	Кен Кизи	\N	\N	\N	2024-04-13 21:23:26.741893	\N
110	Дэйл Вассерман	\N	\N	\N	2024-04-13 21:23:26.761651	\N
111	Ханиф Курейши	\N	\N	\N	2024-04-13 21:23:32.450037	\N
112	Анна-Луиза Тривидик	\N	\N	\N	2024-04-13 21:23:32.471247	\N
113	Патрис Шеро	\N	\N	\N	2024-04-13 21:23:32.493152	\N
114	Ли Брэкетт	\N	\N	\N	2024-04-13 21:23:57.018335	\N
115	Лоуренс Кэздан	\N	\N	\N	2024-04-13 21:23:57.044767	\N
116	Джон Бэйли	\N	\N	\N	2024-04-13 21:23:59.10089	\N
117	Ричард Эйр	\N	\N	\N	2024-04-13 21:23:59.122814	\N
118	Чарльз Вуд	\N	\N	\N	2024-04-13 21:23:59.146565	\N
119	Филип Кауфман	\N	\N	\N	2024-04-13 21:24:24.007203	\N
120	Гаспар Ноэ	\N	\N	\N	2024-04-13 21:24:27.851633	\N
240	Хулио Медем	\N	\N	\N	2024-04-13 21:37:16.140204	\N
121	Кристофер Маккуорри	\N	\N	\N	2024-04-13 21:24:50.910526	\N
122	Мейв Бинчи	\N	\N	\N	2024-04-13 21:24:54.144285	\N
123	Лоне Шерфиг	\N	\N	\N	2024-04-13 21:24:54.165778	\N
124	Гийом Лоран	\N	\N	\N	2024-04-13 21:25:18.330182	\N
125	Жан-Пьер Жёне	\N	\N	\N	2024-04-13 21:25:18.351064	\N
126	Джефф Треймейн	\N	\N	\N	2024-04-13 21:25:21.585689	\N
127	Спайк Джонс	\N	\N	\N	2024-04-13 21:25:21.607435	\N
128	Джонни Ноксвил	\N	\N	\N	2024-04-13 21:25:21.630676	\N
129	Бэм Марджера	\N	\N	\N	2024-04-13 21:25:21.653747	\N
130	Стив-О	\N	\N	\N	2024-04-13 21:25:21.677796	\N
131	Престон Лэси	\N	\N	\N	2024-04-13 21:25:21.699792	\N
132	Крис Понтиус	\N	\N	\N	2024-04-13 21:25:21.721785	\N
133	Дэйв Инглэнд	\N	\N	\N	2024-04-13 21:25:21.745709	\N
134	Райан Данн	\N	\N	\N	2024-04-13 21:25:21.768798	\N
135	Эрен МакГехи	\N	\N	\N	2024-04-13 21:25:21.791	\N
136	Брэндон Дикамилло	\N	\N	\N	2024-04-13 21:25:21.814164	\N
137	Дмитрий Еляшкевич	\N	\N	\N	2024-04-13 21:25:21.835585	\N
138	Уайти МакКоннахи	\N	\N	\N	2024-04-13 21:25:21.857779	\N
139	Шон Кливер	\N	\N	\N	2024-04-13 21:25:21.880076	\N
140	Лумис	\N	\N	\N	2024-04-13 21:25:21.905194	\N
141	Тим Пэйн	\N	\N	\N	2024-04-13 21:25:21.925158	\N
142	Фил Клэпп	\N	\N	\N	2024-04-13 21:25:21.947411	\N
143	Вернон Чатман	\N	\N	\N	2024-04-13 21:25:21.968903	\N
144	Квентин Тарантино	\N	\N	\N	2024-04-13 21:25:44.610623	\N
145	Роджер Эвери	\N	\N	\N	2024-04-13 21:25:44.633622	\N
146	Юсеф Фарес	\N	\N	\N	2024-04-13 21:25:48.291156	\N
147	Томас Харрис	\N	\N	\N	2024-04-13 21:26:05.230414	\N
148	Тед Тэлли	\N	\N	\N	2024-04-13 21:26:05.253314	\N
149	Кевин Смит	\N	\N	\N	2024-04-13 21:26:19.712711	\N
150	Лучиано Винчензони	\N	\N	\N	2024-04-13 21:26:29.874661	\N
151	Серджио Леоне	\N	\N	\N	2024-04-13 21:26:29.898074	\N
152	Адженоре Инкроччи	\N	\N	\N	2024-04-13 21:26:29.921364	\N
153	Фурио Скарпелли	\N	\N	\N	2024-04-13 21:26:29.942735	\N
154	Джеймс Кернс	\N	\N	\N	2024-04-13 21:26:47.601846	\N
155	Николас Пиледжи	\N	\N	\N	2024-04-13 21:26:56.663067	\N
156	Мартин Скорсезе	\N	\N	\N	2024-04-13 21:26:56.685792	\N
157	Клэй Тэрвер	\N	\N	\N	2024-04-13 21:27:14.899476	\N
158	Джей Джей Абрамс	\N	\N	\N	2024-04-13 21:27:14.922547	\N
159	Алан Болл	\N	\N	\N	2024-04-13 21:27:25.619209	\N
160	Джон Милиус	\N	\N	\N	2024-04-13 21:27:45.604711	\N
161	Майкл Герр	\N	\N	\N	2024-04-13 21:27:45.632109	\N
162	Джозеф Конрад	\N	\N	\N	2024-04-13 21:27:45.655751	\N
163	Луис Наура	\N	\N	\N	2024-04-13 21:27:48.63109	\N
164	Кристофер Кайл	\N	\N	\N	2024-04-13 21:27:48.653245	\N
165	Рональд Харвуд	\N	\N	\N	2024-04-13 21:28:11.801482	\N
166	Владислав Шпильман	\N	\N	\N	2024-04-13 21:28:11.823229	\N
167	Джин Брюэр	\N	\N	\N	2024-04-13 21:28:15.458624	\N
168	Чарльз Ливитт	\N	\N	\N	2024-04-13 21:28:15.483342	\N
169	Стивен Роджерс	\N	\N	\N	2024-04-13 21:28:40.741156	\N
170	Джеймс Мэнголд	\N	\N	\N	2024-04-13 21:28:40.764716	\N
171	Пол Шредер	\N	\N	\N	2024-04-13 21:28:44.345766	\N
172	Стюарт Блумберг	\N	\N	\N	2024-04-13 21:29:08.129993	\N
173	Чак Паланик	\N	\N	\N	2024-04-13 21:29:14.955937	\N
174	Джим Улс	\N	\N	\N	2024-04-13 21:29:14.978041	\N
175	Одри Уэллс	\N	\N	\N	2024-04-13 21:29:43.264734	\N
176	Вольфганг Петерсен	\N	\N	\N	2024-04-13 21:29:46.218383	\N
177	Лотар-Гюнтер Буххайм	\N	\N	\N	2024-04-13 21:29:46.23841	\N
178	Джет Ли	\N	\N	\N	2024-04-13 21:30:13.818555	\N
179	Люк Бессон	\N	\N	\N	2024-04-13 21:30:13.8426	\N
180	Роберт Марк Кэмен	\N	\N	\N	2024-04-13 21:30:13.862625	\N
181	Джеймс Эллрой	\N	\N	\N	2024-04-13 21:30:16.027237	\N
182	Брайан Хелгеленд	\N	\N	\N	2024-04-13 21:30:16.051595	\N
183	Кёртис Хэнсон	\N	\N	\N	2024-04-13 21:30:16.072219	\N
184	Хизер Юргенсен	\N	\N	\N	2024-04-13 21:30:39.67926	\N
185	Дженнифер Уэстфелд	\N	\N	\N	2024-04-13 21:30:39.702644	\N
186	Роберт Таун	\N	\N	\N	2024-04-13 21:30:45.148067	\N
187	Роман Полански	\N	\N	\N	2024-04-13 21:30:45.169707	\N
188	Хьюберт Селби мл.	\N	\N	\N	2024-04-13 21:31:17.597188	\N
189	Даррен Аронофски	\N	\N	\N	2024-04-13 21:31:17.620781	\N
190	Том Тыквер	\N	\N	\N	2024-04-13 21:31:40.964692	\N
191	Хаяо Миядзаки	\N	\N	\N	2024-04-13 21:31:53.065149	\N
192	Стефен М. Райдер	\N	\N	\N	2024-04-13 21:32:04.832027	\N
193	Майкл Куэста	\N	\N	\N	2024-04-13 21:32:04.856582	\N
194	Джералд Куэста	\N	\N	\N	2024-04-13 21:32:04.877272	\N
195	Роберт Родат	\N	\N	\N	2024-04-13 21:32:20.418717	\N
196	Эндрю Бовелл	\N	\N	\N	2024-04-13 21:32:33.789197	\N
197	Джейк ЛаМотта	\N	\N	\N	2024-04-13 21:32:53.510233	\N
198	Джозеф Картер	\N	\N	\N	2024-04-13 21:32:53.533336	\N
199	Питер Сэвадж	\N	\N	\N	2024-04-13 21:32:53.556142	\N
200	Мардик Мартин	\N	\N	\N	2024-04-13 21:32:53.583657	\N
201	Дэвид Скарпа	\N	\N	\N	2024-04-13 21:33:00.338679	\N
202	Грэм Йост	\N	\N	\N	2024-04-13 21:33:00.365474	\N
203	Грэм Чепмен	\N	\N	\N	2024-04-13 21:33:21.523059	\N
204	Джон Клиз	\N	\N	\N	2024-04-13 21:33:21.548209	\N
205	Эрик Айдл	\N	\N	\N	2024-04-13 21:33:21.568272	\N
206	Терри Гиллиам	\N	\N	\N	2024-04-13 21:33:21.588286	\N
207	Терри Джонс	\N	\N	\N	2024-04-13 21:33:21.610396	\N
208	Майкл Пэйлин	\N	\N	\N	2024-04-13 21:33:21.635918	\N
209	Томас Мэлори	\N	\N	\N	2024-04-13 21:33:21.660849	\N
210	Аманда Браун	\N	\N	\N	2024-04-13 21:33:25.850094	\N
211	Карен МакКулла	\N	\N	\N	2024-04-13 21:33:25.871602	\N
212	Кирстен Смит	\N	\N	\N	2024-04-13 21:33:25.894942	\N
213	Серджо Донати	\N	\N	\N	2024-04-13 21:33:48.785926	\N
214	Дарио Ардженто	\N	\N	\N	2024-04-13 21:33:48.814672	\N
215	Бернардо Бертолуччи	\N	\N	\N	2024-04-13 21:33:48.836919	\N
216	Стивен Прессфилд	\N	\N	\N	2024-04-13 21:33:51.88576	\N
217	Джереми Левин	\N	\N	\N	2024-04-13 21:33:51.908643	\N
218	Эндрю Кевин Уокер	\N	\N	\N	2024-04-13 21:34:15.066923	\N
219	Марк Эндрус	\N	\N	\N	2024-04-13 21:34:18.097963	\N
220	Чарльз Рэндольф	\N	\N	\N	2024-04-13 21:34:31.957	\N
221	Ван Хуэйлин	\N	\N	\N	2024-04-13 21:34:43.563819	\N
222	Джеймс Шеймус	\N	\N	\N	2024-04-13 21:34:43.585757	\N
223	Куо Юнг Тсаи	\N	\N	\N	2024-04-13 21:34:43.608807	\N
224	Ду Лу Ван	\N	\N	\N	2024-04-13 21:34:43.629886	\N
225	Лукас Мудиссон	\N	\N	\N	2024-04-13 21:34:57.399921	\N
226	Стэнли Кубрик	\N	\N	\N	2024-04-13 21:35:11.808522	\N
227	Артур Ч. Кларк	\N	\N	\N	2024-04-13 21:35:11.830447	\N
228	Крис Сандерс	\N	\N	\N	2024-04-13 21:35:24.136499	\N
229	Дин ДеБлуа	\N	\N	\N	2024-04-13 21:35:24.157905	\N
230	Винченцо Черами	\N	\N	\N	2024-04-13 21:35:39.145038	\N
231	Роберто Бениньи	\N	\N	\N	2024-04-13 21:35:39.168104	\N
232	Сьюзен Суон	\N	\N	\N	2024-04-13 21:35:52.565364	\N
233	Джудит Томпсон	\N	\N	\N	2024-04-13 21:35:52.59107	\N
234	Дэвид МакКенна	\N	\N	\N	2024-04-13 21:36:06.352326	\N
235	Джина Принс-Байтвуд	\N	\N	\N	2024-04-13 21:36:20.054598	\N
236	Дэвид С. Уорд	\N	\N	\N	2024-04-13 21:36:33.516599	\N
237	Николь Холофсенер	\N	\N	\N	2024-04-13 21:36:48.34154	\N
238	Дэн О’Бэннон	\N	\N	\N	2024-04-13 21:37:06.706573	\N
239	Рональд Шусетт	\N	\N	\N	2024-04-13 21:37:06.729064	\N
241	Джон Фавро	\N	\N	\N	2024-04-13 21:37:43.976157	\N
242	Маршалл Брикмен	\N	\N	\N	2024-04-13 21:37:55.183034	\N
243	Майкл Слоун	\N	\N	\N	2024-04-13 21:38:12.788879	\N
244	Энтони Бёрджесс	\N	\N	\N	2024-04-13 21:38:21.612547	\N
245	Джузеппе Торнаторе	\N	\N	\N	2024-04-13 21:38:40.51454	\N
246	Салли Поттер	\N	\N	\N	2024-04-13 21:39:06.527461	\N
247	М. Найт Шьямалан	\N	\N	\N	2024-04-13 21:39:08.258508	\N
248	Трэйси Кинэн Винн	\N	\N	\N	2024-04-13 21:39:33.717212	\N
249	Чарли Флетчер	\N	\N	\N	2024-04-13 21:39:33.738579	\N
250	Крис Бэйкер	\N	\N	\N	2024-04-13 21:39:33.763882	\N
251	Эндрю Дэй	\N	\N	\N	2024-04-13 21:39:33.784979	\N
252	Питер Бенчли	\N	\N	\N	2024-04-13 21:39:34.071676	\N
253	Карл Готтлиб	\N	\N	\N	2024-04-13 21:39:34.094776	\N
254	Питер Шеффер	\N	\N	\N	2024-04-13 21:40:00.202385	\N
255	Зденек Малер	\N	\N	\N	2024-04-13 21:40:00.223815	\N
256	Грег Глиенна	\N	\N	\N	2024-04-13 21:40:01.374045	\N
257	Мэри Рут Кларк	\N	\N	\N	2024-04-13 21:40:01.396993	\N
258	Джим Херцфелд	\N	\N	\N	2024-04-13 21:40:01.420727	\N
259	Джон Гамбург	\N	\N	\N	2024-04-13 21:40:01.444282	\N
260	Скотт Маршалл Смит	\N	\N	\N	2024-04-13 21:40:29.572411	\N
261	Рэндалл Уоллес	\N	\N	\N	2024-04-13 21:40:30.421785	\N
262	Осаму Тэдзука	\N	\N	\N	2024-04-13 21:40:56.104145	\N
263	Кацухиро Отомо	\N	\N	\N	2024-04-13 21:40:56.126164	\N
264	Фриц Ланг	\N	\N	\N	2024-04-13 21:40:56.149227	\N
265	Теа фон Харбоу	\N	\N	\N	2024-04-13 21:40:56.1707	\N
266	Акира Куросава	\N	\N	\N	2024-04-13 21:40:56.697481	\N
267	Хидэо Огуни	\N	\N	\N	2024-04-13 21:40:56.723576	\N
268	Масато Идэ	\N	\N	\N	2024-04-13 21:40:56.746778	\N
269	Уильям Шекспир	\N	\N	\N	2024-04-13 21:40:56.772982	\N
270	Итан Коэн	\N	\N	\N	2024-04-13 21:41:13.793253	\N
271	Джоэл Коэн	\N	\N	\N	2024-04-13 21:41:13.815123	\N
272	Дж. Х. Уаймен	\N	\N	\N	2024-04-13 21:41:25.266171	\N
273	Хэмптон Фанчер	\N	\N	\N	2024-04-13 21:41:40.088792	\N
274	Дэвид Уэбб Пиплз	\N	\N	\N	2024-04-13 21:41:40.111148	\N
275	Филип К. Дик	\N	\N	\N	2024-04-13 21:41:40.132807	\N
276	Аки Каурисмяки	\N	\N	\N	2024-04-13 21:41:52.330261	\N
277	Джо Рэнфт	\N	\N	\N	2024-04-13 21:42:11.238542	\N
278	Джон Лассетер	\N	\N	\N	2024-04-13 21:42:11.263813	\N
279	Пит Доктер	\N	\N	\N	2024-04-13 21:42:11.287466	\N
280	Эш Брэннон	\N	\N	\N	2024-04-13 21:42:11.310855	\N
281	Эндрю Стэнтон	\N	\N	\N	2024-04-13 21:42:11.335327	\N
282	Рита Сяо	\N	\N	\N	2024-04-13 21:42:11.359944	\N
283	Даг Чемберлен	\N	\N	\N	2024-04-13 21:42:11.384665	\N
284	Крис Уэбб	\N	\N	\N	2024-04-13 21:42:11.407381	\N
285	Кэти Форд	\N	\N	\N	2024-04-13 21:42:18.594779	\N
286	Кэрин Лукас	\N	\N	\N	2024-04-13 21:42:18.618634	\N
287	Дэвид Гайлер	\N	\N	\N	2024-04-13 21:42:39.656233	\N
288	Уолтер Хилл	\N	\N	\N	2024-04-13 21:42:39.683323	\N
289	Сабрина Дхаван	\N	\N	\N	2024-04-13 21:42:45.524754	\N
290	Мило Аддика	\N	\N	\N	2024-04-13 21:43:11.005745	\N
291	Уилл Рокос	\N	\N	\N	2024-04-13 21:43:11.027486	\N
292	Дайан Джонсон	\N	\N	\N	2024-04-13 21:43:13.369749	\N
293	Брэд Силберлинг	\N	\N	\N	2024-04-13 21:43:37.491758	\N
294	Ричард Келли	\N	\N	\N	2024-04-13 21:43:41.632691	\N
295	Ричард Хатем	\N	\N	\N	2024-04-13 21:43:51.25696	\N
296	Джон А. Кил	\N	\N	\N	2024-04-13 21:43:51.280124	\N
297	Уильям Голдман	\N	\N	\N	2024-04-13 21:44:11.106187	\N
298	Стивен Соммерс	\N	\N	\N	2024-04-13 21:44:17.593712	\N
299	Тони Гэйтон	\N	\N	\N	2024-04-13 21:44:46.032286	\N
300	Ниа Вардалос	\N	\N	\N	2024-04-13 21:44:59.730962	\N
301	Уилли Моррис	\N	\N	\N	2024-04-13 21:45:12.818966	\N
302	Гэйл Гилхрист	\N	\N	\N	2024-04-13 21:45:12.841059	\N
303	Густав Хэсфорд	\N	\N	\N	2024-04-13 21:45:17.496832	\N
304	Джо Карнахан	\N	\N	\N	2024-04-13 21:45:40.652514	\N
305	Данис Танович	\N	\N	\N	2024-04-13 21:46:07.731733	\N
306	Пол Фелопулос	\N	\N	\N	2024-04-13 21:46:34.200095	\N
307	Дэвид Аткинс	\N	\N	\N	2024-04-13 21:46:34.222577	\N
308	Колдер Уиллингэм	\N	\N	\N	2024-04-13 21:46:42.235169	\N
309	Бак Генри	\N	\N	\N	2024-04-13 21:46:42.256478	\N
310	Чарльз Уэбб	\N	\N	\N	2024-04-13 21:46:42.278925	\N
311	Ванна Паоли	\N	\N	\N	2024-04-13 21:46:58.78202	\N
312	Ричард Эпкар	\N	\N	\N	2024-04-13 21:46:58.803029	\N
313	Фабиан Бьелински	\N	\N	\N	2024-04-13 21:47:01.673433	\N
314	Майкл Чимино	\N	\N	\N	2024-04-13 21:47:41.764191	\N
315	Дерик Уошбёрн	\N	\N	\N	2024-04-13 21:47:41.785172	\N
316	Луис Гарфинкл	\N	\N	\N	2024-04-13 21:47:41.808562	\N
317	Куинн К. Редекер	\N	\N	\N	2024-04-13 21:47:41.829901	\N
318	Мэрил Стрип	\N	\N	\N	2024-04-13 21:47:41.852406	\N
319	Уильям Стейг	\N	\N	\N	2024-04-13 21:48:16.500501	\N
320	Тед Эллиот	\N	\N	\N	2024-04-13 21:48:16.523662	\N
321	Терри Россио	\N	\N	\N	2024-04-13 21:48:16.547267	\N
322	Джо Стиллман	\N	\N	\N	2024-04-13 21:48:16.57181	\N
323	Роджер С.Х. Шульман	\N	\N	\N	2024-04-13 21:48:16.594787	\N
324	Коуди Кэмерон	\N	\N	\N	2024-04-13 21:48:16.618589	\N
325	Крис Миллер	\N	\N	\N	2024-04-13 21:48:16.641476	\N
326	Конрад Вернон	\N	\N	\N	2024-04-13 21:48:16.666591	\N
327	Эдмунд Х. Норт	\N	\N	\N	2024-04-13 21:48:52.764338	\N
328	Ладислас Фараго	\N	\N	\N	2024-04-13 21:48:52.787058	\N
329	Омар Н. Брэдли	\N	\N	\N	2024-04-13 21:48:52.81076	\N
330	Паолу Линс	\N	\N	\N	2024-04-13 21:50:06.004569	\N
331	Браулио Мантовани	\N	\N	\N	2024-04-13 21:50:06.025294	\N
332	Джон Роуч	\N	\N	\N	2024-04-13 21:51:05.734476	\N
333	Мэри Суини	\N	\N	\N	2024-04-13 21:51:05.756666	\N
334	Донн Пирс	\N	\N	\N	2024-04-13 21:51:36.26831	\N
335	Фрэнк Пирсон	\N	\N	\N	2024-04-13 21:51:36.288518	\N
336	Хэл Дреснер	\N	\N	\N	2024-04-13 21:51:36.309204	\N
337	Уильям Уишер мл.	\N	\N	\N	2024-04-13 21:52:04.273158	\N
338	Уинстон Грум	\N	\N	\N	2024-04-13 21:53:07.315782	\N
339	Эрик Рот	\N	\N	\N	2024-04-13 21:53:07.339713	\N
340	Уэйлон Грин	\N	\N	\N	2024-04-13 21:53:41.124637	\N
341	Сэм Пекинпа	\N	\N	\N	2024-04-13 21:53:41.147922	\N
342	Рой Н. Сикнер	\N	\N	\N	2024-04-13 21:53:41.17	\N
343	Дж. Шеперд	\N	\N	\N	2024-04-13 21:54:39.384854	\N
344	Ли Браун	\N	\N	\N	2024-04-13 21:54:39.407944	\N
345	Боб Кларк	\N	\N	\N	2024-04-13 21:54:39.431417	\N
346	Кэмерон Кроу	\N	\N	\N	2024-04-13 21:55:11.414214	\N
347	Джин Уайлдер	\N	\N	\N	2024-04-13 21:55:40.339219	\N
348	Мэл Брукс	\N	\N	\N	2024-04-13 21:55:40.361322	\N
349	Мэри Шелли	\N	\N	\N	2024-04-13 21:55:40.385193	\N
350	Джилл Калтон	\N	\N	\N	2024-04-13 21:56:16.496954	\N
351	Боб Питерсон	\N	\N	\N	2024-04-13 21:56:16.519878	\N
352	Дэвид Силверман	\N	\N	\N	2024-04-13 21:56:16.544395	\N
353	Джефф Пиджон	\N	\N	\N	2024-04-13 21:56:16.566938	\N
354	Ральф Эгглстон	\N	\N	\N	2024-04-13 21:56:16.596932	\N
355	Роберт Л. Бейрд	\N	\N	\N	2024-04-13 21:56:16.621298	\N
356	Дэниел Герсон	\N	\N	\N	2024-04-13 21:56:16.652445	\N
357	Ретт Риз	\N	\N	\N	2024-04-13 21:56:16.675366	\N
358	Джонатан Робертс	\N	\N	\N	2024-04-13 21:56:16.700333	\N
359	Педро Альмодовар	\N	\N	\N	2024-04-13 21:57:49.306846	\N
360	Кристофер Де Вор	\N	\N	\N	2024-04-13 21:58:17.315632	\N
361	Эрик Бергрен	\N	\N	\N	2024-04-13 21:58:17.338195	\N
362	Дэвид Линч	\N	\N	\N	2024-04-13 21:58:17.359282	\N
363	Сэр Фредерик Тревес	\N	\N	\N	2024-04-13 21:58:17.381875	\N
364	Эшли Монтагу	\N	\N	\N	2024-04-13 21:58:17.404772	\N
365	Томас Винтерберг	\N	\N	\N	2024-04-13 21:58:46.985747	\N
366	Могенс Руков	\N	\N	\N	2024-04-13 21:58:47.010683	\N
367	Мари Бреннер	\N	\N	\N	2024-04-13 21:59:43.036694	\N
368	Майкл Манн	\N	\N	\N	2024-04-13 21:59:43.066667	\N
369	Оливер Стоун	\N	\N	\N	2024-04-13 22:00:11.181753	\N
370	Гарри Грей	\N	\N	\N	2024-04-13 22:00:25.097788	\N
371	Леонардо Бенвенути	\N	\N	\N	2024-04-13 22:00:25.122774	\N
372	Пьеро Де Бернарди	\N	\N	\N	2024-04-13 22:00:25.145791	\N
373	Энрико Медиоли	\N	\N	\N	2024-04-13 22:00:25.170011	\N
374	Франко Аркалли	\N	\N	\N	2024-04-13 22:00:25.191793	\N
375	Франко Феррини	\N	\N	\N	2024-04-13 22:00:25.213862	\N
376	Стюарт Каминский	\N	\N	\N	2024-04-13 22:00:25.243034	\N
377	Эрнесто Гастальди	\N	\N	\N	2024-04-13 22:00:25.265449	\N
378	Родерик Торп	\N	\N	\N	2024-04-13 22:00:56.587296	\N
379	Джеб Стюарт	\N	\N	\N	2024-04-13 22:00:56.612191	\N
380	Стивен Е. де Соуза	\N	\N	\N	2024-04-13 22:00:56.635634	\N
381	Джеффри Боум	\N	\N	\N	2024-04-13 22:01:25.13582	\N
382	Менно Мейес	\N	\N	\N	2024-04-13 22:01:25.162072	\N
383	Дэвид Францони	\N	\N	\N	2024-04-13 22:01:57.344372	\N
384	Уильям Николсон	\N	\N	\N	2024-04-13 22:01:57.376106	\N
385	Роберт Земекис	\N	\N	\N	2024-04-13 22:02:30.654408	\N
386	Боб Гейл	\N	\N	\N	2024-04-13 22:02:30.67825	\N
387	Пол Томас Андерсон	\N	\N	\N	2024-04-13 22:02:58.011917	\N
388	Билли Боб Торнтон	\N	\N	\N	2024-04-13 22:03:16.173134	\N
389	Джосс Уидон	\N	\N	\N	2024-04-13 22:03:53.235581	\N
390	Алек Соколов	\N	\N	\N	2024-04-13 22:03:53.264564	\N
391	Том Стоппард	\N	\N	\N	2024-04-13 22:04:22.592807	\N
392	Чарльз Маккьюэн	\N	\N	\N	2024-04-13 22:04:22.61634	\N
393	Чарльз Элверсон	\N	\N	\N	2024-04-13 22:04:22.637245	\N
394	Гильермо Арриага	\N	\N	\N	2024-04-13 22:05:31.86981	\N
395	Эрнест Леман	\N	\N	\N	2024-04-13 22:06:04.176876	\N
396	Эдвард Олби	\N	\N	\N	2024-04-13 22:06:04.200288	\N
397	Уильям Питер Блэтти	\N	\N	\N	2024-04-13 22:06:35.672262	\N
398	Карл Бернстин	\N	\N	\N	2024-04-13 22:07:07.669136	\N
399	Боб Вудворд	\N	\N	\N	2024-04-13 22:07:07.691153	\N
400	Алехандро Аменабар	\N	\N	\N	2024-04-13 22:07:36.70649	\N
401	Скотт Фрэнк	\N	\N	\N	2024-04-13 22:08:08.449641	\N
402	Джон Коэн	\N	\N	\N	2024-04-13 22:08:08.471288	\N
403	Рэйнольд Гидеон	\N	\N	\N	2024-04-13 22:08:40.322567	\N
404	Брюс А. Эванс	\N	\N	\N	2024-04-13 22:08:40.345142	\N
405	Саймон Мур	\N	\N	\N	2024-04-13 22:09:10.072609	\N
406	Стивен Гейган	\N	\N	\N	2024-04-13 22:09:10.098517	\N
407	П.Ф. Кладж	\N	\N	\N	2024-04-13 22:09:39.092016	\N
408	Томас Мур	\N	\N	\N	2024-04-13 22:09:39.115936	\N
409	Лесли Уоллер	\N	\N	\N	2024-04-13 22:09:39.139846	\N
410	Кшиштоф Кесьлёвский	\N	\N	\N	2024-04-13 22:10:08.489052	\N
411	Кшиштоф Песевич	\N	\N	\N	2024-04-13 22:10:08.51219	\N
412	Агнешка Холланд	\N	\N	\N	2024-04-13 22:10:08.535924	\N
413	Эдвард Жебровский	\N	\N	\N	2024-04-13 22:10:08.560136	\N
414	Эдвард Клосиньский	\N	\N	\N	2024-04-13 22:10:08.583261	\N
415	Марчин Латалло	\N	\N	\N	2024-04-13 22:10:08.608607	\N
416	Крис Маркер	\N	\N	\N	2024-04-13 22:10:38.065089	\N
417	Джанет Пиплз	\N	\N	\N	2024-04-13 22:10:38.091797	\N
418	Том Вульф	\N	\N	\N	2024-04-13 22:11:06.98823	\N
419	Уолдо Солт	\N	\N	\N	2024-04-13 22:11:41.502087	\N
420	Джеймс Лео Херлихи	\N	\N	\N	2024-04-13 22:11:41.525666	\N
421	Рудольф Грэй	\N	\N	\N	2024-04-13 22:12:49.6225	\N
422	Скотт Александер	\N	\N	\N	2024-04-13 22:12:49.644894	\N
423	Ларри Карацевски	\N	\N	\N	2024-04-13 22:12:49.666287	\N
424	Джон Брайли	\N	\N	\N	2024-04-13 22:13:23.105191	\N
425	Джеймс Голдмен	\N	\N	\N	2024-04-13 22:13:52.016004	\N
426	Ирвин Уэлш	\N	\N	\N	2024-04-13 22:14:05.729972	\N
427	Джон Ходж	\N	\N	\N	2024-04-13 22:14:05.753062	\N
428	Дэвид Ньюман	\N	\N	\N	2024-04-13 22:14:42.861901	\N
429	Роберт Бентон	\N	\N	\N	2024-04-13 22:14:42.883583	\N
430	Кристофер Гест	\N	\N	\N	2024-04-13 22:15:41.225847	\N
431	Майкл Маккин	\N	\N	\N	2024-04-13 22:15:41.246803	\N
432	Гарри Ширер	\N	\N	\N	2024-04-13 22:15:41.268504	\N
433	Роб Райнер	\N	\N	\N	2024-04-13 22:15:41.290394	\N
434	Бэрри Морроу	\N	\N	\N	2024-04-13 22:16:09.638371	\N
435	Рональд Бэсс	\N	\N	\N	2024-04-13 22:16:09.659892	\N
436	Пэдди Чайефски	\N	\N	\N	2024-04-13 22:16:38.107819	\N
437	Гай Ричи	\N	\N	\N	2024-04-13 22:17:10.338376	\N
438	Дэшил Хэммет	\N	\N	\N	2024-04-13 22:17:39.578409	\N
439	Кеннет Брана	\N	\N	\N	2024-04-13 22:18:13.046651	\N
440	Дэнни Рубин	\N	\N	\N	2024-04-13 22:19:13.499244	\N
441	Харольд Рэмис	\N	\N	\N	2024-04-13 22:19:13.520981	\N
442	Акива Голдсман	\N	\N	\N	2024-04-13 22:19:50.211051	\N
443	Сильвия Насар	\N	\N	\N	2024-04-13 22:19:50.234381	\N
444	Джон Ву	\N	\N	\N	2024-04-13 22:20:23.471153	\N
445	Дэвид Мэмет	\N	\N	\N	2024-04-13 22:20:51.970029	\N
446	Оскар Фрейли	\N	\N	\N	2024-04-13 22:20:51.993137	\N
447	Элиот Несс	\N	\N	\N	2024-04-13 22:20:52.016311	\N
448	Чип Миллер	\N	\N	\N	2024-04-13 22:20:52.040429	\N
449	Ричард Хукер	\N	\N	\N	2024-04-13 22:21:17.788169	\N
450	Ринг Ларднер мл.	\N	\N	\N	2024-04-13 22:21:17.81088	\N
451	Тим МакКэнлис	\N	\N	\N	2024-04-13 22:21:47.447259	\N
452	Брэд Бёрд	\N	\N	\N	2024-04-13 22:21:47.468704	\N
453	Тед Хьюз	\N	\N	\N	2024-04-13 22:21:47.492347	\N
454	Брент Форрестер	\N	\N	\N	2024-04-13 22:21:47.513203	\N
455	Мэтт Дэймон	\N	\N	\N	2024-04-13 22:22:19.643115	\N
456	Бен Аффлек	\N	\N	\N	2024-04-13 22:22:19.664998	\N
457	Линда Вулвертон	\N	\N	\N	2024-04-13 22:22:48.930988	\N
458	Бренда Чепмен	\N	\N	\N	2024-04-13 22:22:48.951511	\N
459	Барни Мэттинсон	\N	\N	\N	2024-04-13 22:22:48.978069	\N
460	Кевин Харки	\N	\N	\N	2024-04-13 22:22:49.000466	\N
461	Брайан Пиментал	\N	\N	\N	2024-04-13 22:22:49.024258	\N
462	Брюс Вудсайд	\N	\N	\N	2024-04-13 22:22:49.049628	\N
463	Том Эллери	\N	\N	\N	2024-04-13 22:22:49.085653	\N
464	Келли Эсбёри	\N	\N	\N	2024-04-13 22:22:49.110042	\N
465	Роберт Ленс	\N	\N	\N	2024-04-13 22:22:49.135235	\N
466	Жанна-Мари Лепренс де Бомон	\N	\N	\N	2024-04-13 22:22:49.158591	\N
467	Джон Санфорд	\N	\N	\N	2024-04-13 22:22:49.180536	\N
468	Габриэль-Сюзанна Барбо де Вильнев	\N	\N	\N	2024-04-13 22:22:49.203611	\N
469	Ежи Косинский	\N	\N	\N	2024-04-13 22:23:18.562343	\N
470	Роберт С. Джонс	\N	\N	\N	2024-04-13 22:23:18.583725	\N
471	Майкл Уилсон	\N	\N	\N	2024-04-13 22:23:32.58869	\N
472	Род Серлинг	\N	\N	\N	2024-04-13 22:23:32.612332	\N
473	Пьер Буль	\N	\N	\N	2024-04-13 22:23:32.635351	\N
474	Джон Т. Келли	\N	\N	\N	2024-04-13 22:23:32.658397	\N
475	Мелисса Мэтисон	\N	\N	\N	2024-04-13 22:24:30.073249	\N
476	Гомер	\N	\N	\N	2024-04-13 22:25:02.448042	\N
477	Стирлинг Силлифант	\N	\N	\N	2024-04-13 22:25:31.491199	\N
478	Джон Болл	\N	\N	\N	2024-04-13 22:25:31.513996	\N
479	Макс Аллан Коллинз	\N	\N	\N	2024-04-13 22:25:59.824522	\N
480	Ричард Пирс Рейнер	\N	\N	\N	2024-04-13 22:25:59.845616	\N
481	Дэвид Селф	\N	\N	\N	2024-04-13 22:25:59.86958	\N
482	Джеймс Дики	\N	\N	\N	2024-04-13 22:26:34.036237	\N
483	Джон Бурмен	\N	\N	\N	2024-04-13 22:26:34.056895	\N
484	Стивен Спилберг	\N	\N	\N	2024-04-13 22:27:08.823367	\N
485	Хэл Барвуд	\N	\N	\N	2024-04-13 22:27:08.843956	\N
486	Джерри Белсон	\N	\N	\N	2024-04-13 22:27:08.868794	\N
487	Джон Хилл	\N	\N	\N	2024-04-13 22:27:08.892377	\N
488	Мэттью Роббинс	\N	\N	\N	2024-04-13 22:27:08.915025	\N
489	Дэниэл Клоуз	\N	\N	\N	2024-04-13 22:28:43.424222	\N
490	Терри Цвигофф	\N	\N	\N	2024-04-13 22:28:43.446467	\N
491	Баз Лурман	\N	\N	\N	2024-04-13 22:29:11.098176	\N
492	Крэйг Пирс	\N	\N	\N	2024-04-13 22:29:11.122136	\N
493	Марсель Паньоль	\N	\N	\N	2024-04-13 22:29:43.91312	\N
494	Клод Берри	\N	\N	\N	2024-04-13 22:29:43.935792	\N
495	Жерар Браш	\N	\N	\N	2024-04-13 22:29:43.959189	\N
496	Рассел Бэнкс	\N	\N	\N	2024-04-13 22:30:13.074086	\N
497	Атом Эгоян	\N	\N	\N	2024-04-13 22:30:13.096738	\N
498	Джон Хьюстон	\N	\N	\N	2024-04-13 22:30:42.014566	\N
499	Глэдис Хилл	\N	\N	\N	2024-04-13 22:30:42.034507	\N
500	Редьярд Киплинг	\N	\N	\N	2024-04-13 22:30:42.055267	\N
501	Роберт Болт	\N	\N	\N	2024-04-13 22:31:13.763274	\N
502	Энтони Шэффер	\N	\N	\N	2024-04-13 22:31:41.322542	\N
503	Кеннет Лонерган	\N	\N	\N	2024-04-13 22:32:10.949546	\N
504	Эрнест Тайдимен	\N	\N	\N	2024-04-13 22:32:41.559148	\N
505	Робин Мур	\N	\N	\N	2024-04-13 22:32:41.583275	\N
506	Уильям Фридкин	\N	\N	\N	2024-04-13 22:32:41.605062	\N
507	Брюс Робинсон	\N	\N	\N	2024-04-13 22:33:16.925464	\N
508	Майкл Толкин	\N	\N	\N	2024-04-13 22:33:51.973314	\N
509	Карлос Куарон	\N	\N	\N	2024-04-13 22:34:53.927655	\N
510	Альфонсо Куарон	\N	\N	\N	2024-04-13 22:34:53.948463	\N
511	Майкл Дэвис	\N	\N	\N	2024-04-13 22:35:21.739428	\N
512	Джон Херцфелд	\N	\N	\N	2024-04-13 22:35:55.919658	\N
513	Фрэнк Коттрел Бойс	\N	\N	\N	2024-04-13 22:36:11.69316	\N
514	Сюзанна Грант	\N	\N	\N	2024-04-13 22:36:39.879064	\N
515	Алекс Гарленд	\N	\N	\N	2024-04-13 22:37:07.10083	\N
516	Стел Павлов	\N	\N	\N	2024-04-13 22:37:36.098871	\N
517	Кормак Уибберли	\N	\N	\N	2024-04-13 22:38:05.533786	\N
518	Мэриэнн Уибберли	\N	\N	\N	2024-04-13 22:38:05.555967	\N
519	Франсуа Озон	\N	\N	\N	2024-04-13 22:38:21.164769	\N
520	Марина де Ван	\N	\N	\N	2024-04-13 22:38:21.186037	\N
521	Робер Тома	\N	\N	\N	2024-04-13 22:38:21.20613	\N
522	Скотт Сильвер	\N	\N	\N	2024-04-13 22:38:50.852046	\N
523	Ник Хорнби	\N	\N	\N	2024-04-13 22:39:19.868841	\N
524	Питер Хеджес	\N	\N	\N	2024-04-13 22:39:19.891228	\N
525	Крис Вайц	\N	\N	\N	2024-04-13 22:39:19.912938	\N
526	Пол Вайц	\N	\N	\N	2024-04-13 22:39:19.933763	\N
527	Луис Бегли	\N	\N	\N	2024-04-13 22:39:48.07981	\N
528	Александр Пэйн	\N	\N	\N	2024-04-13 22:39:48.102219	\N
529	Джим Тейлор	\N	\N	\N	2024-04-13 22:39:48.125191	\N
530	Сьюзэн Орлеан	\N	\N	\N	2024-04-13 22:40:17.501496	\N
531	Грегори Аллен Ховард	\N	\N	\N	2024-04-13 22:40:46.504358	\N
532	Стивен Дж. Ривел	\N	\N	\N	2024-04-13 22:40:46.525231	\N
533	Кристофер Уилкинсон	\N	\N	\N	2024-04-13 22:40:46.54451	\N
534	Джеймс Паттерсон	\N	\N	\N	2024-04-13 22:41:12.83395	\N
535	Марк Мосс	\N	\N	\N	2024-04-13 22:41:12.857049	\N
536	Адам Херц	\N	\N	\N	2024-04-13 22:41:42.03619	\N
537	Дэвид Х. Штейнберг	\N	\N	\N	2024-04-13 22:41:42.060624	\N
538	Брет Истон Эллис	\N	\N	\N	2024-04-13 22:42:09.812872	\N
539	Мэри Хэррон	\N	\N	\N	2024-04-13 22:42:09.836235	\N
540	Гвиневер Тёрнер	\N	\N	\N	2024-04-13 22:42:09.85879	\N
541	Питер Энгельманн	\N	\N	\N	2024-04-13 22:42:37.942855	\N
542	Штефан Рузовицки	\N	\N	\N	2024-04-13 22:42:37.965666	\N
543	Эдвард Банкер	\N	\N	\N	2024-04-13 22:43:05.826015	\N
544	Джон Степлинг	\N	\N	\N	2024-04-13 22:43:05.849261	\N
545	Дженнифер Джейсон Ли	\N	\N	\N	2024-04-13 22:43:34.628625	\N
546	Алан Камминг	\N	\N	\N	2024-04-13 22:43:34.649408	\N
547	Ховард Франклин	\N	\N	\N	2024-04-13 22:44:00.963197	\N
548	Брайан Олдисс	\N	\N	\N	2024-04-13 22:44:58.851981	\N
549	Йен Уотсон	\N	\N	\N	2024-04-13 22:44:58.873684	\N
550	Рене Госинни	\N	\N	\N	2024-04-13 22:45:27.071896	\N
551	Альбер Юдерзо	\N	\N	\N	2024-04-13 22:45:27.092879	\N
552	Ален Шаба	\N	\N	\N	2024-04-13 22:45:27.112818	\N
553	Пол Апак Ангилирк	\N	\N	\N	2024-04-13 22:45:42.450195	\N
554	Норман Кон	\N	\N	\N	2024-04-13 22:45:42.471167	\N
555	Захариас Кунук	\N	\N	\N	2024-04-13 22:45:42.491602	\N
556	Эрве Паниак	\N	\N	\N	2024-04-13 22:45:42.512178	\N
557	Паулиси Кулиталик	\N	\N	\N	2024-04-13 22:45:42.53251	\N
558	Тэб Мёрфи	\N	\N	\N	2024-04-13 22:46:11.114462	\N
559	Кирк Уайз	\N	\N	\N	2024-04-13 22:46:11.13661	\N
560	Гари Труздейл	\N	\N	\N	2024-04-13 22:46:11.158402	\N
561	Брайс Забел	\N	\N	\N	2024-04-13 22:46:11.187804	\N
562	Джеки Забел	\N	\N	\N	2024-04-13 22:46:11.21101	\N
563	Дэвид Рейнольдс	\N	\N	\N	2024-04-13 22:46:11.234703	\N
564	Платон	\N	\N	\N	2024-04-13 22:46:11.257971	\N
565	Майк Майерс	\N	\N	\N	2024-04-13 22:46:40.130212	\N
566	Майкл МакКаллерс	\N	\N	\N	2024-04-13 22:46:40.153218	\N
567	Роберт Грейсмит	\N	\N	\N	2024-04-13 22:47:10.696857	\N
568	Майкл Джербози	\N	\N	\N	2024-04-13 22:47:10.720091	\N
569	Кадзунори Ито	\N	\N	\N	2024-04-13 22:47:40.758093	\N
570	Спайк Ли	\N	\N	\N	2024-04-13 22:48:09.317237	\N
571	Харли Пейтон	\N	\N	\N	2024-04-13 22:48:38.095442	\N
572	Марк Браун	\N	\N	\N	2024-04-13 22:49:06.417862	\N
573	Дон Д. Скотт	\N	\N	\N	2024-04-13 22:49:06.440106	\N
574	Маршалл Тодд	\N	\N	\N	2024-04-13 22:49:06.462776	\N
575	Косюн Таками	\N	\N	\N	2024-04-13 22:49:35.149043	\N
576	Кэнта Фукасаку	\N	\N	\N	2024-04-13 22:49:35.170861	\N
577	Каннингэм О’Киф	\N	\N	\N	2024-04-13 22:50:05.647561	\N
578	Ласаро Гомес Каррилес	\N	\N	\N	2024-04-13 22:50:05.670941	\N
579	Джулиан Шнабель	\N	\N	\N	2024-04-13 22:50:05.691621	\N
580	Рейнальдо Аренас	\N	\N	\N	2024-04-13 22:50:05.713401	\N
581	Яна Бокова	\N	\N	\N	2024-04-13 22:50:05.733421	\N
582	Джим Томас	\N	\N	\N	2024-04-13 22:50:35.453064	\N
583	Джон Томас	\N	\N	\N	2024-04-13 22:50:35.475004	\N
584	Дэвид Велос	\N	\N	\N	2024-04-13 22:50:35.497113	\N
585	Генри Бин	\N	\N	\N	2024-04-13 22:51:03.349372	\N
586	Марк Джейкобсон	\N	\N	\N	2024-04-13 22:51:03.371453	\N
587	Юджин Леви	\N	\N	\N	2024-04-13 22:51:31.886455	\N
588	Дэйв Барри	\N	\N	\N	2024-04-13 22:51:47.618491	\N
589	Роберт Рэмси	\N	\N	\N	2024-04-13 22:51:47.641479	\N
590	Мэтью Стоун	\N	\N	\N	2024-04-13 22:51:47.662573	\N
591	Ли Холл	\N	\N	\N	2024-04-13 22:52:16.48088	\N
592	Том Баттеруорт	\N	\N	\N	2024-04-13 22:52:46.039435	\N
593	Джез Баттеруорт	\N	\N	\N	2024-04-13 22:52:46.06334	\N
594	Марк Боуден	\N	\N	\N	2024-04-13 22:53:14.826888	\N
595	Кен Нолан	\N	\N	\N	2024-04-13 22:53:14.850141	\N
596	Марв Вольфман	\N	\N	\N	2024-04-13 22:53:43.257887	\N
597	Джин Колан	\N	\N	\N	2024-04-13 22:53:43.278145	\N
598	Дэвид С. Гойер	\N	\N	\N	2024-04-13 22:53:43.300222	\N
599	Андерс Томас Йенсен	\N	\N	\N	2024-04-13 22:54:12.617442	\N
600	Майкл Коннелли	\N	\N	\N	2024-04-13 22:54:42.572232	\N
601	Брюс Портер	\N	\N	\N	2024-04-13 22:55:12.761214	\N
602	Ник Кассаветис	\N	\N	\N	2024-04-13 22:55:12.78997	\N
603	Бен Янгер	\N	\N	\N	2024-04-13 22:55:43.145723	\N
604	Дон Рус	\N	\N	\N	2024-04-13 22:56:12.470091	\N
605	Тони Гилрой	\N	\N	\N	2024-04-13 22:56:39.400954	\N
606	Уильям Блейк Херрон	\N	\N	\N	2024-04-13 22:56:39.422117	\N
607	Роберт Ладлэм	\N	\N	\N	2024-04-13 22:56:39.442267	\N
608	Майкл Мур	\N	\N	\N	2024-04-13 22:57:10.097928	\N
609	Хелен Филдинг	\N	\N	\N	2024-04-13 22:57:38.987969	\N
610	Эндрю Дэвис	\N	\N	\N	2024-04-13 22:57:39.010228	\N
611	Ричард Кёртис	\N	\N	\N	2024-04-13 22:57:39.031324	\N
612	Джессика Бендинджер	\N	\N	\N	2024-04-13 22:58:08.406028	\N
613	Грег Берланти	\N	\N	\N	2024-04-13 22:58:36.283629	\N
614	Такеши Китано	\N	\N	\N	2024-04-13 22:59:04.852937	\N
615	Джим Шатц	\N	\N	\N	2024-04-13 22:59:31.671263	\N
616	Роджер Пуллис	\N	\N	\N	2024-04-13 22:59:31.696966	\N
617	Шон Слово	\N	\N	\N	2024-04-13 22:59:59.425947	\N
618	Луи де Берньер	\N	\N	\N	2024-04-13 22:59:59.44779	\N
619	Уильям Бройлес мл.	\N	\N	\N	2024-04-13 23:00:28.496502	\N
620	Стивен Перос	\N	\N	\N	2024-04-13 23:00:56.374067	\N
621	Джон Уотерс	\N	\N	\N	2024-04-13 23:01:29.984689	\N
622	Марк Протосевич	\N	\N	\N	2024-04-13 23:01:57.449211	\N
623	Кэрол Хейккинен	\N	\N	\N	2024-04-13 23:02:26.582788	\N
624	Чэп Тейлор	\N	\N	\N	2024-04-13 23:02:57.571412	\N
625	Райан Роу	\N	\N	\N	2024-04-13 23:03:28.527685	\N
626	Эд Соломон	\N	\N	\N	2024-04-13 23:03:28.547752	\N
627	Джон Огаст	\N	\N	\N	2024-04-13 23:03:28.567716	\N
628	Иван Гофф	\N	\N	\N	2024-04-13 23:03:28.588832	\N
629	Бен Робертс	\N	\N	\N	2024-04-13 23:03:28.61111	\N
630	Билл Кондон	\N	\N	\N	2024-04-13 23:03:57.432708	\N
631	Боб Фосси	\N	\N	\N	2024-04-13 23:03:57.453329	\N
632	Фред Эбб	\N	\N	\N	2024-04-13 23:03:57.474448	\N
633	Морин Даллас Уоткинс	\N	\N	\N	2024-04-13 23:03:57.494467	\N
634	Питер Лорд	\N	\N	\N	2024-04-13 23:04:25.094657	\N
635	Ник Парк	\N	\N	\N	2024-04-13 23:04:25.119966	\N
636	Кэри Киркпатрик	\N	\N	\N	2024-04-13 23:04:25.14046	\N
637	Марк Бертон	\N	\N	\N	2024-04-13 23:04:25.162708	\N
638	Джон О’Фэррелл	\N	\N	\N	2024-04-13 23:04:25.18451	\N
639	Джоанн Харрис	\N	\N	\N	2024-04-13 23:04:52.370068	\N
640	Роберт Нелсон Джекобс	\N	\N	\N	2024-04-13 23:04:52.392518	\N
641	Марк Брэндон Рид	\N	\N	\N	2024-04-13 23:05:24.48284	\N
642	Эндрю Доминик	\N	\N	\N	2024-04-13 23:05:24.504673	\N
643	Майк Уайт	\N	\N	\N	2024-04-13 23:05:53.335049	\N
644	Майк МакЭлари	\N	\N	\N	2024-04-13 23:06:28.722125	\N
645	Кен Хиксон	\N	\N	\N	2024-04-13 23:06:28.74302	\N
646	Томас Харди	\N	\N	\N	2024-04-13 23:07:10.494509	\N
647	Чак Бэррис	\N	\N	\N	2024-04-13 23:07:37.785904	\N
648	Род Лури	\N	\N	\N	2024-04-13 23:08:05.765898	\N
649	Александр Дюма отец	\N	\N	\N	2024-04-13 23:08:34.11029	\N
650	Джей Уолперт	\N	\N	\N	2024-04-13 23:08:34.13231	\N
651	Фил Хэй	\N	\N	\N	2024-04-13 23:09:02.447205	\N
652	Мэтт Манфреди	\N	\N	\N	2024-04-13 23:09:02.470401	\N
653	Ларс фон Триер	\N	\N	\N	2024-04-13 23:09:57.246209	\N
654	Сьон	\N	\N	\N	2024-04-13 23:09:57.268366	\N
655	Крис Фюрман	\N	\N	\N	2024-04-13 23:10:24.468816	\N
656	Джефф Стокуэлл	\N	\N	\N	2024-04-13 23:10:24.491569	\N
657	Майкл Петрони	\N	\N	\N	2024-04-13 23:10:24.51579	\N
658	Марк Стивен Джонсон	\N	\N	\N	2024-04-13 23:10:53.601947	\N
659	Адам Резник	\N	\N	\N	2024-04-13 23:11:21.702598	\N
660	Элизабет Санксей Холдинг	\N	\N	\N	2024-04-13 23:11:50.525462	\N
661	Скотт МакГихи	\N	\N	\N	2024-04-13 23:11:50.54594	\N
662	Дэвид Сигел	\N	\N	\N	2024-04-13 23:11:50.568997	\N
663	Ян Флеминг	\N	\N	\N	2024-04-13 23:12:17.981711	\N
664	Нил Пёрвис	\N	\N	\N	2024-04-13 23:12:18.005674	\N
665	Роберт Уэйд	\N	\N	\N	2024-04-13 23:12:18.030063	\N
666	Том Энрикез	\N	\N	\N	2024-04-13 23:12:47.783818	\N
667	Джон Харрисон	\N	\N	\N	2024-04-13 23:12:47.803888	\N
668	Ральф Зондаг	\N	\N	\N	2024-04-13 23:12:47.829999	\N
669	Грегори Гюнтер	\N	\N	\N	2024-04-13 23:12:47.859238	\N
670	Ширли Пирс	\N	\N	\N	2024-04-13 23:12:47.879001	\N
671	Тамара Лушер	\N	\N	\N	2024-04-13 23:12:47.913233	\N
672	Санто Чилауро	\N	\N	\N	2024-04-13 23:13:16.755851	\N
673	Том Глайзнер	\N	\N	\N	2024-04-13 23:13:16.778821	\N
674	Джейн Кеннеди	\N	\N	\N	2024-04-13 23:13:16.799361	\N
675	Роб Ситч	\N	\N	\N	2024-04-13 23:13:16.823614	\N
676	Нил Маршалл	\N	\N	\N	2024-04-13 23:13:30.445081	\N
677	Эндрю Клэван	\N	\N	\N	2024-04-13 23:13:59.407979	\N
678	Энтони Пекэм	\N	\N	\N	2024-04-13 23:13:59.432246	\N
679	Патрик Смит Келли	\N	\N	\N	2024-04-13 23:13:59.452782	\N
680	Вонг Кар-Вай	\N	\N	\N	2024-04-13 23:14:27.734456	\N
681	Ингвар Амбьорнсен	\N	\N	\N	2024-04-13 23:14:54.728502	\N
682	Аксель Хеллстениус	\N	\N	\N	2024-04-13 23:14:54.747797	\N
683	Ларри Стаки	\N	\N	\N	2024-04-13 23:14:54.768936	\N
684	Крис Уильямс	\N	\N	\N	2024-04-13 23:15:22.742854	\N
685	Марк Диндал	\N	\N	\N	2024-04-13 23:15:22.764187	\N
686	Стивен Дж. Андерсон	\N	\N	\N	2024-04-13 23:15:22.793864	\N
687	Дон Холл	\N	\N	\N	2024-04-13 23:15:22.820173	\N
688	Джон Нортон	\N	\N	\N	2024-04-13 23:15:22.84123	\N
689	Роджер Аллерс	\N	\N	\N	2024-04-13 23:15:22.862248	\N
690	Мэттью Джейкобс	\N	\N	\N	2024-04-13 23:15:22.883189	\N
691	Даг Франкель	\N	\N	\N	2024-04-13 23:15:22.906354	\N
692	Марк Кеннеди	\N	\N	\N	2024-04-13 23:15:22.929414	\N
693	Марк Уолтон	\N	\N	\N	2024-04-13 23:15:22.951379	\N
694	Жан-Жак Анно	\N	\N	\N	2024-04-13 23:15:52.424835	\N
695	Ален Годар	\N	\N	\N	2024-04-13 23:15:52.446323	\N
696	Роберт Харрис	\N	\N	\N	2024-04-13 23:16:18.416852	\N
697	Гильермо дель Торо	\N	\N	\N	2024-04-13 23:17:12.22759	\N
698	Антонио Трасоррас	\N	\N	\N	2024-04-13 23:17:12.247381	\N
699	Давид Муньос	\N	\N	\N	2024-04-13 23:17:12.269801	\N
700	Марио Джордано	\N	\N	\N	2024-04-13 23:17:26.503699	\N
701	Кристоф Дарнштёдт	\N	\N	\N	2024-04-13 23:17:26.523806	\N
702	Дон Болингер	\N	\N	\N	2024-04-13 23:17:26.545933	\N
703	Дэвид Даймонд	\N	\N	\N	2024-04-13 23:17:53.354549	\N
704	Дэвид Вайсман	\N	\N	\N	2024-04-13 23:17:53.378431	\N
705	Тодд Хейнс	\N	\N	\N	2024-04-13 23:18:22.437447	\N
706	Кен Лай	\N	\N	\N	2024-04-13 23:18:49.774178	\N
707	Эрик Бергквист	\N	\N	\N	2024-04-13 23:18:49.803887	\N
708	Дэвид Эйр	\N	\N	\N	2024-04-13 23:18:49.824189	\N
709	Брайан Де Пальма	\N	\N	\N	2024-04-13 23:19:17.782878	\N
710	Глен Морган	\N	\N	\N	2024-04-13 23:19:46.278714	\N
711	Джеймс Вон	\N	\N	\N	2024-04-13 23:19:46.301075	\N
712	Джеффри Реддик	\N	\N	\N	2024-04-13 23:19:46.322835	\N
713	Дж. Макки Грубер	\N	\N	\N	2024-04-13 23:20:15.141853	\N
714	Эрик Бресс	\N	\N	\N	2024-04-13 23:20:15.163621	\N
715	Хиронобу Сакагути	\N	\N	\N	2024-04-13 23:20:42.70495	\N
716	Эл Райнерт	\N	\N	\N	2024-04-13 23:20:42.725036	\N
717	Джеф Винтар	\N	\N	\N	2024-04-13 23:20:42.745786	\N
718	Джек Флетчер	\N	\N	\N	2024-04-13 23:20:42.765886	\N
719	Рамин Мобди	\N	\N	\N	2024-04-13 23:20:42.787624	\N
720	Майк Рич	\N	\N	\N	2024-04-13 23:21:11.840978	\N
721	А.Э.В. Мэйсон	\N	\N	\N	2024-04-13 23:22:07.204934	\N
722	Майкл Шиффер	\N	\N	\N	2024-04-13 23:22:07.228827	\N
723	Хуссейн Амини	\N	\N	\N	2024-04-13 23:22:07.250214	\N
724	Брент Хэнли	\N	\N	\N	2024-04-13 23:22:35.497664	\N
725	Тоби Эммерих	\N	\N	\N	2024-04-13 23:23:03.610289	\N
726	Хейден Херрера	\N	\N	\N	2024-04-13 23:23:31.464393	\N
727	Клэнси Сигал	\N	\N	\N	2024-04-13 23:23:31.485587	\N
728	Дайан Лэйк	\N	\N	\N	2024-04-13 23:23:31.504469	\N
729	Грегори Нава	\N	\N	\N	2024-04-13 23:23:31.526479	\N
730	Анна Томас	\N	\N	\N	2024-04-13 23:23:31.548548	\N
731	Алан Мур	\N	\N	\N	2024-04-13 23:24:00.062613	\N
732	Эдди Кэмпбелл	\N	\N	\N	2024-04-13 23:24:00.084232	\N
733	Терри Хейз	\N	\N	\N	2024-04-13 23:24:00.107015	\N
734	Рафаэль Иглесиас	\N	\N	\N	2024-04-13 23:24:00.127453	\N
735	Джей Кокс	\N	\N	\N	2024-04-13 23:24:28.259292	\N
736	Том Эпперсон	\N	\N	\N	2024-04-13 23:24:54.806954	\N
737	Брэд Каайя	\N	\N	\N	2024-04-13 23:25:08.806995	\N
738	Карен Уолтон	\N	\N	\N	2024-04-13 23:25:19.948965	\N
739	Джон Фоусет	\N	\N	\N	2024-04-13 23:25:19.969825	\N
740	Джордж Клейтон Джонсон	\N	\N	\N	2024-04-13 23:25:33.350444	\N
741	Джек Голден Расселл	\N	\N	\N	2024-04-13 23:25:33.370669	\N
742	Гарри Браун	\N	\N	\N	2024-04-13 23:25:33.390896	\N
743	Чарльз Ледерер	\N	\N	\N	2024-04-13 23:25:33.412819	\N
744	Тед Гриффин	\N	\N	\N	2024-04-13 23:25:33.434778	\N
745	Карин Кусама	\N	\N	\N	2024-04-13 23:25:44.724563	\N
746	Корт Крэндолл	\N	\N	\N	2024-04-13 23:25:45.798924	\N
747	Тодд Филлипс	\N	\N	\N	2024-04-13 23:25:45.821368	\N
748	Скот Армстронг	\N	\N	\N	2024-04-13 23:25:45.843388	\N
749	Марк Романек	\N	\N	\N	2024-04-13 23:26:10.425509	\N
750	Джулиан Феллоуз	\N	\N	\N	2024-04-13 23:26:25.097099	\N
751	Роберт Олтмен	\N	\N	\N	2024-04-13 23:26:25.121011	\N
752	Боб Балабан	\N	\N	\N	2024-04-13 23:26:25.142217	\N
753	Стэн Сидел	\N	\N	\N	2024-04-13 23:26:37.277177	\N
754	Жан-Пьер Бакри	\N	\N	\N	2024-04-13 23:26:51.259453	\N
755	Аньес Жауи	\N	\N	\N	2024-04-13 23:26:51.283539	\N
756	Жерар Стембридж	\N	\N	\N	2024-04-13 23:27:02.540052	\N
757	Майкл Алмерейда	\N	\N	\N	2024-04-13 23:27:17.777816	\N
758	Марк Хаймен	\N	\N	\N	2024-04-13 23:27:29.480338	\N
759	Стефан Кабель	\N	\N	\N	2024-04-13 23:27:55.548862	\N
760	Кристоф Ган	\N	\N	\N	2024-04-13 23:27:55.569981	\N
761	Дэниэл Койл	\N	\N	\N	2024-04-13 23:28:11.585679	\N
762	Джон Гэйтинс	\N	\N	\N	2024-04-13 23:28:11.609851	\N
763	Сильвио Сольдини	\N	\N	\N	2024-04-13 23:28:19.101478	\N
764	Дориана Леондефф	\N	\N	\N	2024-04-13 23:28:19.12323	\N
765	Генри Бромелл	\N	\N	\N	2024-04-13 23:28:46.414627	\N
766	Дэвид Кепп	\N	\N	\N	2024-04-13 23:29:13.31611	\N
767	Доминик Молль	\N	\N	\N	2024-04-13 23:29:35.140279	\N
768	Жиль Маршан	\N	\N	\N	2024-04-13 23:29:35.160368	\N
769	Франсис Вийен	\N	\N	\N	2024-04-13 23:29:35.184029	\N
770	Джон Каценбах	\N	\N	\N	2024-04-13 23:30:00.722753	\N
771	Билли Рэй	\N	\N	\N	2024-04-13 23:30:00.744383	\N
772	Терри Джордж	\N	\N	\N	2024-04-13 23:30:00.76679	\N
773	Кэтрин Райан Хайд	\N	\N	\N	2024-04-13 23:30:05.521643	\N
774	Лесли Диксон	\N	\N	\N	2024-04-13 23:30:05.541683	\N
775	Роберт Данн	\N	\N	\N	2024-04-13 23:30:25.346163	\N
776	Пол Гюэ	\N	\N	\N	2024-04-13 23:30:25.368198	\N
777	Стефен Мазур	\N	\N	\N	2024-04-13 23:30:25.393376	\N
778	Себастьян Юнгер	\N	\N	\N	2024-04-13 23:30:31.451854	\N
779	Уильям Д. Уиттлифф	\N	\N	\N	2024-04-13 23:30:31.473378	\N
780	Михаэль Ханеке	\N	\N	\N	2024-04-13 23:30:59.007931	\N
781	Эльфрида Елинек	\N	\N	\N	2024-04-13 23:30:59.039273	\N
782	Джим Уит	\N	\N	\N	2024-04-13 23:31:11.934822	\N
783	Кен Уит	\N	\N	\N	2024-04-13 23:31:11.965935	\N
784	Дэвид Туи	\N	\N	\N	2024-04-13 23:31:11.997665	\N
785	Джон Кэмерон Митчелл	\N	\N	\N	2024-04-13 23:31:31.676984	\N
786	Стефен Траск	\N	\N	\N	2024-04-13 23:31:31.707798	\N
787	Франсис Вебер	\N	\N	\N	2024-04-13 23:31:37.632195	\N
788	Фридрих Дюрренматт	\N	\N	\N	2024-04-13 23:31:50.383499	\N
789	Ежи Кромоловски	\N	\N	\N	2024-04-13 23:31:50.415534	\N
790	Мэри Олсон-Кромоловски	\N	\N	\N	2024-04-13 23:31:50.445807	\N
791	Стивен Найфех	\N	\N	\N	2024-04-13 23:32:15.250636	\N
792	Грегори Уайт Смит	\N	\N	\N	2024-04-13 23:32:15.282112	\N
793	Лорен Куррье	\N	\N	\N	2024-04-13 23:32:15.314466	\N
794	Барбара Тернер	\N	\N	\N	2024-04-13 23:32:15.345841	\N
795	Сьюзэн Эмшвиллер	\N	\N	\N	2024-04-13 23:32:15.375735	\N
796	Джозеф Финдер	\N	\N	\N	2024-04-13 23:32:24.213691	\N
797	Юрий Зельцер	\N	\N	\N	2024-04-13 23:32:24.243032	\N
798	Грейс Кэри Бикли	\N	\N	\N	2024-04-13 23:32:24.274552	\N
799	А. С. Байетт	\N	\N	\N	2024-04-13 23:32:41.972635	\N
800	Дэвид Генри Хван	\N	\N	\N	2024-04-13 23:32:42.004209	\N
801	Лора Джонс	\N	\N	\N	2024-04-13 23:32:42.035225	\N
802	Нил Лабут	\N	\N	\N	2024-04-13 23:32:42.067117	\N
803	Д. В. Де Винсентис	\N	\N	\N	2024-04-13 23:32:49.090893	\N
804	Стив Пинк	\N	\N	\N	2024-04-13 23:32:49.122895	\N
805	Джон Кьюсак	\N	\N	\N	2024-04-13 23:32:49.154747	\N
806	Скотт Розенберг	\N	\N	\N	2024-04-13 23:32:49.185062	\N
807	Мэг Кэбот	\N	\N	\N	2024-04-13 23:33:08.201908	\N
808	Джина Вендкос	\N	\N	\N	2024-04-13 23:33:08.232146	\N
809	Хуан Хосе Кампанелья	\N	\N	\N	2024-04-13 23:33:14.135265	\N
810	Фернандо Кастетс	\N	\N	\N	2024-04-13 23:33:14.166417	\N
811	Уильям Прошно	\N	\N	\N	2024-04-13 23:33:36.123734	\N
812	Томас Харгров	\N	\N	\N	2024-04-13 23:33:36.156333	\N
813	Адам Ларсон Бродер	\N	\N	\N	2024-04-13 23:34:04.364634	\N
814	Грэм Грин	\N	\N	\N	2024-04-13 23:34:48.556608	\N
815	Кристофер Хэмптон	\N	\N	\N	2024-04-13 23:34:48.588684	\N
816	Роберт Шенккан	\N	\N	\N	2024-04-13 23:34:48.620286	\N
817	Даг Райт	\N	\N	\N	2024-04-13 23:35:20.717746	\N
818	Дорис Пилкингтон	\N	\N	\N	2024-04-13 23:35:50.452809	\N
819	Кристин Олсен	\N	\N	\N	2024-04-13 23:35:50.486929	\N
820	Энди Брэкман	\N	\N	\N	2024-04-13 23:36:18.084272	\N
821	Винс МакКевин	\N	\N	\N	2024-04-13 23:37:43.248331	\N
822	Пол У. С. Андерсон	\N	\N	\N	2024-04-13 23:38:12.706673	\N
823	Бонни Хант	\N	\N	\N	2024-04-13 23:38:43.458006	\N
824	Дон Лейк	\N	\N	\N	2024-04-13 23:38:43.490381	\N
825	Эндрю Штерн	\N	\N	\N	2024-04-13 23:38:43.520487	\N
826	Саманта Гудман	\N	\N	\N	2024-04-13 23:38:43.550482	\N
827	Беверли Д’Онофрио	\N	\N	\N	2024-04-13 23:39:12.414203	\N
828	Морган Уорд	\N	\N	\N	2024-04-13 23:39:12.44574	\N
829	Эрен Крюгер	\N	\N	\N	2024-04-13 23:39:40.208792	\N
830	Кодзи Судзуки	\N	\N	\N	2024-04-13 23:39:40.239587	\N
831	Хироси Такахаси	\N	\N	\N	2024-04-13 23:39:40.271879	\N
832	Жан-Кристоф Гранже	\N	\N	\N	2024-04-13 23:40:09.024882	\N
833	Матьё Кассовиц	\N	\N	\N	2024-04-13 23:40:09.05676	\N
834	Филип ЛаЗебник	\N	\N	\N	2024-04-13 23:40:36.932205	\N
835	Уэс Андерсон	\N	\N	\N	2024-04-13 23:42:02.033911	\N
836	Оуэн Уилсон	\N	\N	\N	2024-04-13 23:42:02.068082	\N
837	Джеймс Уэбб	\N	\N	\N	2024-04-13 23:42:58.133948	\N
838	Росс ЛаМанна	\N	\N	\N	2024-04-13 23:43:26.839098	\N
839	Эндрю Никкол	\N	\N	\N	2024-04-13 23:43:55.806048	\N
840	Дон Раймер	\N	\N	\N	2024-04-13 23:44:37.906539	\N
841	Синко Пол	\N	\N	\N	2024-04-13 23:44:37.940945	\N
842	Кен Даурио	\N	\N	\N	2024-04-13 23:44:37.970731	\N
843	Стив Рудник	\N	\N	\N	2024-04-13 23:44:38.034183	\N
844	Дуан Адлер	\N	\N	\N	2024-04-13 23:45:06.13833	\N
845	Шерил Эдвардс	\N	\N	\N	2024-04-13 23:45:06.170349	\N
846	Марк Кроуди	\N	\N	\N	2024-04-13 23:45:20.985173	\N
847	Крэйг Фергюсон	\N	\N	\N	2024-04-13 23:45:21.016462	\N
848	Михаэль Хербиг	\N	\N	\N	2024-04-13 23:45:41.235239	\N
849	Альфонс Бидерманн	\N	\N	\N	2024-04-13 23:45:41.269256	\N
850	Рик Каваниан	\N	\N	\N	2024-04-13 23:45:41.303214	\N
851	Мурмель Клаузен	\N	\N	\N	2024-04-13 23:45:41.336086	\N
852	Дэниэл Э. Тейлор	\N	\N	\N	2024-04-13 23:46:08.36702	\N
853	Карио Салем	\N	\N	\N	2024-04-13 23:46:08.39843	\N
854	Лем Доббс	\N	\N	\N	2024-04-13 23:46:08.428881	\N
855	Эрин  Крессида Уилсон	\N	\N	\N	2024-04-13 23:46:22.818618	\N
856	Мэри Гейтскилл	\N	\N	\N	2024-04-13 23:46:22.848866	\N
857	Стивен Шейнберг	\N	\N	\N	2024-04-13 23:46:22.88181	\N
858	Марк Клейн	\N	\N	\N	2024-04-13 23:46:55.699333	\N
859	Даниэль Минахан	\N	\N	\N	2024-04-13 23:47:21.183662	\N
860	Брэд Андерсон	\N	\N	\N	2024-04-13 23:48:04.820151	\N
861	Стивен Геведон	\N	\N	\N	2024-04-13 23:48:04.852258	\N
862	Луис Меллис	\N	\N	\N	2024-04-13 23:48:38.921796	\N
863	Дэвид Синто	\N	\N	\N	2024-04-13 23:48:38.950054	\N
864	Стивен Кац	\N	\N	\N	2024-04-13 23:49:10.330869	\N
865	Джон Синглтон	\N	\N	\N	2024-04-13 23:49:38.928609	\N
866	Шейн Салерно	\N	\N	\N	2024-04-13 23:49:38.961858	\N
867	Ричард Прайс	\N	\N	\N	2024-04-13 23:49:38.991549	\N
868	Шон Мойнихэн	\N	\N	\N	2024-04-13 23:50:09.400729	\N
869	Альфред Гоф	\N	\N	\N	2024-04-13 23:50:39.083826	\N
870	Майлз Миллар	\N	\N	\N	2024-04-13 23:50:39.114753	\N
871	Энни Пру	\N	\N	\N	2024-04-13 23:51:36.314964	\N
872	Эдвард Бёрнс	\N	\N	\N	2024-04-13 23:52:06.778347	\N
873	Стивен Чоу	\N	\N	\N	2024-04-13 23:52:52.497154	\N
874	Кан-Чун Цан	\N	\N	\N	2024-04-13 23:52:52.531406	\N
875	Стивен Фун	\N	\N	\N	2024-04-13 23:52:52.562775	\N
876	Эндрю Фун	\N	\N	\N	2024-04-13 23:52:52.596881	\N
877	Марк Хэндлер	\N	\N	\N	2024-04-13 23:52:52.630479	\N
878	Вэй Лу	\N	\N	\N	2024-04-13 23:52:52.661906	\N
879	Станислав Лем	\N	\N	\N	2024-04-13 23:53:59.178147	\N
880	Стивен Содерберг	\N	\N	\N	2024-04-13 23:53:59.209641	\N
881	Кен Кауфман	\N	\N	\N	2024-04-13 23:54:27.730226	\N
882	Ховард Клауснер	\N	\N	\N	2024-04-13 23:54:27.763252	\N
883	Патрик МакГрат	\N	\N	\N	2024-04-13 23:54:56.815914	\N
884	Стэн Ли	\N	\N	\N	2024-04-13 23:55:24.373578	\N
885	Стив Дитко	\N	\N	\N	2024-04-13 23:55:24.4048	\N
886	Джон Фуско	\N	\N	\N	2024-04-13 23:55:52.692637	\N
887	Майкл Лакер	\N	\N	\N	2024-04-13 23:55:52.724271	\N
888	Майкл Фрост Бекнер	\N	\N	\N	2024-04-13 23:56:22.808634	\N
889	Дэвид Арата	\N	\N	\N	2024-04-13 23:56:22.840041	\N
890	Роберт Родригес	\N	\N	\N	2024-04-13 23:56:51.615025	\N
891	Нанни Моретти	\N	\N	\N	2024-04-13 23:57:48.934809	\N
892	Линда Ферри	\N	\N	\N	2024-04-13 23:57:48.968019	\N
893	Хайдрун Шлеф	\N	\N	\N	2024-04-13 23:57:48.996518	\N
894	Джон Острандер	\N	\N	\N	2024-04-13 23:58:16.182392	\N
895	Джонатан Хейлс	\N	\N	\N	2024-04-13 23:58:16.22274	\N
896	Тодд Солондз	\N	\N	\N	2024-04-13 23:59:23.34486	\N
897	Том Клэнси	\N	\N	\N	2024-04-13 23:59:59.712749	\N
898	Пол Аттанасио	\N	\N	\N	2024-04-13 23:59:59.745918	\N
899	Дэниэл Пайн	\N	\N	\N	2024-04-13 23:59:59.777562	\N
900	Джей Чандрашекхар	\N	\N	\N	2024-04-14 00:00:28.317534	\N
901	Кевин Хеффернан	\N	\N	\N	2024-04-14 00:00:28.350374	\N
902	Стив Лемми	\N	\N	\N	2024-04-14 00:00:28.382895	\N
903	Пол Сотер	\N	\N	\N	2024-04-14 00:00:28.416851	\N
904	Эрик Столханске	\N	\N	\N	2024-04-14 00:00:28.449127	\N
905	Скип Вудс	\N	\N	\N	2024-04-14 00:00:56.790238	\N
906	Рой Андерссон	\N	\N	\N	2024-04-14 00:01:24.30174	\N
907	Джон ле Карре	\N	\N	\N	2024-04-14 00:01:52.551748	\N
908	Дункан Норт	\N	\N	\N	2024-04-14 00:02:21.403133	\N
909	Грир Гудман	\N	\N	\N	2024-04-14 00:02:21.434467	\N
910	Дженнифр Гудмен	\N	\N	\N	2024-04-14 00:02:21.465673	\N
911	Стефен Белбер	\N	\N	\N	2024-04-14 00:02:49.819344	\N
912	Алекс Ласкер	\N	\N	\N	2024-04-14 00:03:55.022526	\N
913	Патрик Чирилло	\N	\N	\N	2024-04-14 00:03:55.052959	\N
914	Родриго Гарсия	\N	\N	\N	2024-04-14 00:04:22.001473	\N
915	Карен Шпрехер	\N	\N	\N	2024-04-14 00:04:53.688263	\N
916	Джилл Шпрехер	\N	\N	\N	2024-04-14 00:04:53.720085	\N
917	Эрнест Р. Мэй	\N	\N	\N	2024-04-14 00:05:26.053554	\N
918	Филип Д. Зеликов	\N	\N	\N	2024-04-14 00:05:26.084364	\N
919	Росс Клэван	\N	\N	\N	2024-04-14 00:05:55.36183	\N
920	Майкл Макгрутер	\N	\N	\N	2024-04-14 00:05:55.392596	\N
921	Майк Фиггис	\N	\N	\N	2024-04-14 00:06:55.424684	\N
922	Ганс Бауэр	\N	\N	\N	2024-04-14 00:07:23.76548	\N
923	Рэндолл МакКормик	\N	\N	\N	2024-04-14 00:07:23.795569	\N
924	Бен Эдлунд	\N	\N	\N	2024-04-14 00:07:23.826186	\N
925	Роберт Льюис Стивенсон	\N	\N	\N	2024-04-14 00:08:23.542597	\N
926	Рон Клементс	\N	\N	\N	2024-04-14 00:08:23.574219	\N
927	Джон Маскер	\N	\N	\N	2024-04-14 00:08:23.60637	\N
928	Роб Эдвардс	\N	\N	\N	2024-04-14 00:08:23.637498	\N
929	Джонатан Мостоу	\N	\N	\N	2024-04-14 00:08:55.22454	\N
930	Сэм Монтгомери	\N	\N	\N	2024-04-14 00:08:55.258634	\N
931	Джон Уэйнрайт	\N	\N	\N	2024-04-14 00:09:38.226594	\N
932	Клод Миллер	\N	\N	\N	2024-04-14 00:09:38.258781	\N
933	Жан Эрман	\N	\N	\N	2024-04-14 00:09:38.289903	\N
934	Мишель Одиар	\N	\N	\N	2024-04-14 00:09:38.32848	\N
935	Том Провост	\N	\N	\N	2024-04-14 00:09:38.359497	\N
936	В. Питер Айлифф	\N	\N	\N	2024-04-14 00:09:38.391279	\N
937	Джон Ридли	\N	\N	\N	2024-04-14 00:10:08.57249	\N
938	Клод Шаброль	\N	\N	\N	2024-04-14 00:10:43.078341	\N
939	Элвин Сарджент	\N	\N	\N	2024-04-14 00:10:43.10994	\N
940	Матео Хиль	\N	\N	\N	2024-04-14 00:11:19.74401	\N
941	Клод Фаральдо	\N	\N	\N	2024-04-14 00:11:47.73011	\N
942	Патрис Леконт	\N	\N	\N	2024-04-14 00:11:47.760494	\N
943	Эжен-Франсуа Видок	\N	\N	\N	2024-04-14 00:12:22.818733	\N
944	Питоф	\N	\N	\N	2024-04-14 00:12:22.849514	\N
945	Ричард Линклейтер	\N	\N	\N	2024-04-14 00:12:53.095325	\N
946	Скотт Спенсер	\N	\N	\N	2024-04-14 00:13:24.143243	\N
947	Роберт Диллон	\N	\N	\N	2024-04-14 00:13:24.174659	\N
948	Николас Спаркс	\N	\N	\N	2024-04-14 00:13:51.314628	\N
949	Карен Джансзен	\N	\N	\N	2024-04-14 00:13:51.347806	\N
950	Джозеф Л. Гэлловэй	\N	\N	\N	2024-04-14 00:14:51.494719	\N
951	Харольд Дж. Мур	\N	\N	\N	2024-04-14 00:14:51.529036	\N
952	Джо Гэлловэй	\N	\N	\N	2024-04-14 00:14:51.562014	\N
953	Майкл Шоуолтер	\N	\N	\N	2024-04-14 00:15:22.187796	\N
954	Дэвид Уэйн	\N	\N	\N	2024-04-14 00:15:22.216916	\N
955	Кларк Грегг	\N	\N	\N	2024-04-14 00:15:51.077195	\N
956	Сара Кернокан	\N	\N	\N	2024-04-14 00:15:51.1072	\N
957	Джош Голдсмит	\N	\N	\N	2024-04-14 00:16:20.144878	\N
958	Кэти Юспа	\N	\N	\N	2024-04-14 00:16:20.17841	\N
959	Дайан Дрэйк	\N	\N	\N	2024-04-14 00:16:20.207586	\N
960	Лауэлл Ганц	\N	\N	\N	2024-04-14 00:16:50.029816	\N
961	Бабалу Мэндел	\N	\N	\N	2024-04-14 00:16:50.061412	\N
962	Билли Леттс	\N	\N	\N	2024-04-14 00:16:50.093018	\N
963	Джанет Фитч	\N	\N	\N	2024-04-14 00:17:25.433974	\N
964	Мэри Агнес Донохью	\N	\N	\N	2024-04-14 00:17:25.465708	\N
965	Митчелл Кэпнер	\N	\N	\N	2024-04-14 00:17:56.417272	\N
966	Джон Райс	\N	\N	\N	2024-04-14 00:18:25.213054	\N
967	Джо Бэттир	\N	\N	\N	2024-04-14 00:18:25.244487	\N
968	Майкл Шейбон	\N	\N	\N	2024-04-14 00:18:56.165422	\N
969	Том ДеСанто	\N	\N	\N	2024-04-14 00:19:27.755258	\N
970	Джеймс Грэй	\N	\N	\N	2024-04-14 00:19:56.210523	\N
971	Мэтт Ривз	\N	\N	\N	2024-04-14 00:19:56.240967	\N
972	Эдвард Ян	\N	\N	\N	2024-04-14 00:20:09.809769	\N
973	Ли Фэн	\N	\N	\N	2024-04-14 00:20:24.413337	\N
974	Чжан Имоу	\N	\N	\N	2024-04-14 00:20:24.444254	\N
975	Ван Бинь	\N	\N	\N	2024-04-14 00:20:24.475487	\N
976	Дрэйк Сэтер	\N	\N	\N	2024-04-14 00:20:51.076958	\N
977	Бен Стиллер	\N	\N	\N	2024-04-14 00:20:51.120568	\N
978	Ирис Клейн	\N	\N	\N	2024-04-14 00:21:14.701416	\N
979	Джим Клейн	\N	\N	\N	2024-04-14 00:21:14.732236	\N
980	Сайрус Наурасте	\N	\N	\N	2024-04-14 00:21:35.941188	\N
981	Джеймс Трайверс	\N	\N	\N	2024-04-14 00:21:35.971216	\N
982	Говард Стерн	\N	\N	\N	2024-04-14 00:22:06.709937	\N
983	Лен Блум	\N	\N	\N	2024-04-14 00:22:06.741488	\N
984	Майкл Калеснико	\N	\N	\N	2024-04-14 00:22:06.772004	\N
985	Фрэнк Бархидт	\N	\N	\N	2024-04-14 00:22:21.350235	\N
986	Росс Томас	\N	\N	\N	2024-04-14 00:22:35.280999	\N
987	Роберт Кинг	\N	\N	\N	2024-04-14 00:23:03.022695	\N
988	Боб Кейн	\N	\N	\N	2024-04-14 00:23:30.772047	\N
989	Дэниэл Уотерс	\N	\N	\N	2024-04-14 00:23:30.801524	\N
990	Сэм Хэмм	\N	\N	\N	2024-04-14 00:23:30.8314	\N
991	Роберт Клейн	\N	\N	\N	2024-04-14 00:23:59.871736	\N
992	Уэс Крэйвен	\N	\N	\N	2024-04-14 00:24:31.29914	\N
993	Ежи Сколимовский	\N	\N	\N	2024-04-14 00:25:01.451125	\N
994	Майкл Лофлин	\N	\N	\N	2024-04-14 00:25:01.484506	\N
995	Рик Бойл	\N	\N	\N	2024-04-14 00:25:30.377332	\N
996	Том Холланд	\N	\N	\N	2024-04-14 00:25:57.556165	\N
997	Корнелл Вулрич	\N	\N	\N	2024-04-14 00:25:57.588485	\N
998	Нэнси Дауд	\N	\N	\N	2024-04-14 00:25:57.620089	\N
999	Карл ДеСантис	\N	\N	\N	2024-04-14 00:26:30.834779	\N
1000	Сэнди Хатсон	\N	\N	\N	2024-04-14 00:38:55.9834	\N
1001	Джудд Бернард	\N	\N	\N	2024-04-14 00:38:56.018187	\N
1002	Пол Мазурски	\N	\N	\N	2024-04-14 00:39:08.355519	\N
1003	Уолтер Бернстайн	\N	\N	\N	2024-04-14 00:39:23.586459	\N
1004	Джоан Тьюксбери	\N	\N	\N	2024-04-14 00:39:37.547748	\N
1005	Майо Саймон	\N	\N	\N	2024-04-14 00:39:51.219424	\N
1006	Терренс Лоре Смит	\N	\N	\N	2024-04-14 00:40:03.04557	\N
1007	Питер Богданович	\N	\N	\N	2024-04-14 00:40:14.446669	\N
1008	Эдмунд Нотон	\N	\N	\N	2024-04-14 00:40:27.815577	\N
1009	Брайан МакКэй	\N	\N	\N	2024-04-14 00:40:27.862789	\N
1010	Джозеф Кальвелли	\N	\N	\N	2024-04-14 00:40:27.908614	\N
1011	Боб Келиджан	\N	\N	\N	2024-04-14 00:40:41.069094	\N
1012	Доран Уильям Кэннон	\N	\N	\N	2024-04-14 00:40:54.279609	\N
1013	Элиа Казан	\N	\N	\N	2024-04-14 00:41:07.475982	\N
1014	Джиллиан Фриман	\N	\N	\N	2024-04-14 00:41:20.196517	\N
1015	Питер Майлз	\N	\N	\N	2024-04-14 00:41:20.229156	\N
1016	Роберт Том	\N	\N	\N	2024-04-14 00:41:34.641716	\N
1017	Эдвард ДеБласио	\N	\N	\N	2024-04-14 00:41:34.676649	\N
1018	Хьюго Батлер	\N	\N	\N	2024-04-14 00:41:34.71145	\N
1019	Джин Руверол	\N	\N	\N	2024-04-14 00:41:34.746957	\N
1020	Лоринг Мэндел	\N	\N	\N	2024-04-14 00:41:47.649552	\N
1021	Джо Хеймс	\N	\N	\N	2024-04-14 00:42:01.984158	\N
1022	Марк Брандел	\N	\N	\N	2024-04-14 00:42:02.019543	\N
1023	Ингмар Бергман	\N	\N	\N	2024-04-14 00:42:14.776314	\N
1024	Морис Дрюон	\N	\N	\N	2024-04-14 00:42:29.828012	\N
1025	Джон Гэй	\N	\N	\N	2024-04-14 00:42:29.863783	\N
1026	Агата Кристи	\N	\N	\N	2024-04-14 00:42:42.333243	\N
1027	Пол Ден	\N	\N	\N	2024-04-14 00:42:42.369971	\N
1028	Е.Л. Конигсбург	\N	\N	\N	2024-04-14 00:42:52.169154	\N
1029	Бланш Ханэлис	\N	\N	\N	2024-04-14 00:42:52.20381	\N
1030	Рэйчел Мэддакс	\N	\N	\N	2024-04-14 00:43:05.033008	\N
1031	Абе Берроуз	\N	\N	\N	2024-04-14 00:43:17.779167	\N
1032	Пьер Бариллет	\N	\N	\N	2024-04-14 00:43:17.812012	\N
1033	Жан-Пьер Греди	\N	\N	\N	2024-04-14 00:43:17.845341	\N
1034	И.А.Л. Даймонд	\N	\N	\N	2024-04-14 00:43:17.880631	\N
1035	Ганс Абрамсон	\N	\N	\N	2024-04-14 00:43:32.250103	\N
1036	Ханс Альфредсон	\N	\N	\N	2024-04-14 00:43:32.282666	\N
1037	Арне Арнбом	\N	\N	\N	2024-04-14 00:43:32.316064	\N
1038	Таге Даниэльссон	\N	\N	\N	2024-04-14 00:43:32.365334	\N
1039	Йорн Доннер	\N	\N	\N	2024-04-14 00:43:32.401528	\N
1040	Ларс Гёрлинг	\N	\N	\N	2024-04-14 00:43:32.436442	\N
1041	Эрланд Юзефсон	\N	\N	\N	2024-04-14 00:43:32.471572	\N
1042	Густаф Муландер	\N	\N	\N	2024-04-14 00:43:32.508361	\N
1043	Вильгот Шёман	\N	\N	\N	2024-04-14 00:43:32.542605	\N
1044	Оноре де Бальзак	\N	\N	\N	2024-04-14 00:43:32.576918	\N
1045	Ги де Мопассан	\N	\N	\N	2024-04-14 00:43:32.611376	\N
1046	Стивен М. Мартин	\N	\N	\N	2024-04-14 00:45:08.620777	\N
1047	Джин Фельдман	\N	\N	\N	2024-04-14 00:45:16.311066	\N
1048	Сьюзетт Винтер	\N	\N	\N	2024-04-14 00:45:16.345272	\N
1049	Джорджо Карло Росси	\N	\N	\N	2024-04-14 00:45:34.762358	\N
1050	Джачинто Чьяккио	\N	\N	\N	2024-04-14 00:45:34.798224	\N
1051	Массимо Д’Авак	\N	\N	\N	2024-04-14 00:45:34.834226	\N
1052	Леонард Герш	\N	\N	\N	2024-04-14 00:45:54.585596	\N
1053	Роберт Расселл	\N	\N	\N	2024-04-14 00:46:07.849095	\N
1054	Фрэнк Росс	\N	\N	\N	2024-04-14 00:46:07.884113	\N
1055	Сол Сакс	\N	\N	\N	2024-04-14 00:46:07.920251	\N
1056	Гарсон Канин	\N	\N	\N	2024-04-14 00:46:07.954035	\N
1057	Элизабет Санчез	\N	\N	\N	2024-04-14 09:17:16.015076	\N
1058	Пол Зиллер	\N	\N	\N	2024-04-14 09:17:16.051113	\N
1059	Джек Хейли мл.	\N	\N	\N	2024-04-14 09:17:19.468058	\N
1060	Марк А. Олтмэн	\N	\N	\N	2024-04-14 09:17:42.005692	\N
1061	Дэн Бейтс	\N	\N	\N	2024-04-14 09:17:42.041492	\N
1062	Дэйв Паркер	\N	\N	\N	2024-04-14 09:17:42.075586	\N
1063	Дэвид Кидд	\N	\N	\N	2024-04-14 09:17:55.058731	\N
1064	Рон Берч	\N	\N	\N	2024-04-14 09:17:55.094138	\N
1065	Алан Б. МакЭлрой	\N	\N	\N	2024-04-14 09:18:06.966161	\N
1066	Лоуренс Риггинс	\N	\N	\N	2024-04-14 09:18:33.541318	\N
1067	Лес Уэлдон	\N	\N	\N	2024-04-14 09:18:33.574888	\N
1068	Анн-Франсуаза Пижора	\N	\N	\N	2024-04-14 09:18:42.308563	\N
1069	Стивен Питерс	\N	\N	\N	2024-04-14 09:18:53.205849	\N
1070	Кеннет Росс	\N	\N	\N	2024-04-14 09:18:53.237322	\N
1071	Кристиана Фосс	\N	\N	\N	2024-04-14 09:19:02.514866	\N
1072	Дэвид Уиннинг	\N	\N	\N	2024-04-14 09:19:05.948648	\N
1073	Жан-Клод Каррьер	\N	\N	\N	2024-04-14 09:19:32.77289	\N
1074	Джонатан Глейзер	\N	\N	\N	2024-04-14 09:19:32.821971	\N
1075	Вольфганг Беккер	\N	\N	\N	2024-04-14 09:19:54.220043	\N
1076	Марк Милгард	\N	\N	\N	2024-04-14 09:19:55.81698	\N
1077	Робб Уилльямсон	\N	\N	\N	2024-04-14 09:19:55.84955	\N
1078	Ричард Мерфи	\N	\N	\N	2024-04-14 09:19:55.882876	\N
1079	Меннан Япо	\N	\N	\N	2024-04-14 09:20:12.115977	\N
1080	Ларри Браун	\N	\N	\N	2024-04-14 09:20:21.346027	\N
1081	Джеймс Ховард	\N	\N	\N	2024-04-14 09:20:21.380278	\N
1082	Джим Ховард	\N	\N	\N	2024-04-14 09:20:21.413206	\N
1083	Арлисс Ховард	\N	\N	\N	2024-04-14 09:20:21.448589	\N
1084	Себастьян Шиппер	\N	\N	\N	2024-04-14 09:20:28.826731	\N
1085	Джейн Хэмилтон	\N	\N	\N	2024-04-14 09:20:44.656655	\N
1086	Полли Плэтт	\N	\N	\N	2024-04-14 09:20:44.700801	\N
1087	Бернд Лихтенберг	\N	\N	\N	2024-04-14 09:20:54.614803	\N
1088	Ахим фон Боррис	\N	\N	\N	2024-04-14 09:20:54.661628	\N
1089	Хендрик Хандлёгтен	\N	\N	\N	2024-04-14 09:20:54.694337	\N
1090	Кристоф Зильбер	\N	\N	\N	2024-04-14 09:20:54.727913	\N
1091	Джереми Ливайн	\N	\N	\N	2024-04-14 09:21:08.576076	\N
1092	Стефан Шульце	\N	\N	\N	2024-04-14 09:21:08.609798	\N
1093	Клаус Корнелиус Фишер	\N	\N	\N	2024-04-14 09:21:08.619684	\N
1094	Шарлотта Кернер	\N	\N	\N	2024-04-14 09:21:08.655549	\N
1095	Адриан Бучарт	\N	\N	\N	2024-04-14 09:21:31.083762	\N
1096	Адам Голдберг	\N	\N	\N	2024-04-14 09:21:31.116386	\N
1097	Майкл Крайтон	\N	\N	\N	2024-04-14 09:21:54.481742	\N
1098	Питер Гринуэй	\N	\N	\N	2024-04-14 09:21:54.706592	\N
1099	Натя Брункхорст	\N	\N	\N	2024-04-14 09:22:36.979105	\N
1100	Франк Грибе	\N	\N	\N	2024-04-14 09:22:37.01178	\N
1101	Хетти Бэйнес	\N	\N	\N	2024-04-14 09:22:40.264999	\N
1102	Джонатан Бретт	\N	\N	\N	2024-04-14 09:22:40.299923	\N
1103	Боб Рейфелсон	\N	\N	\N	2024-04-14 09:22:40.33174	\N
1104	Кен Рассел	\N	\N	\N	2024-04-14 09:22:40.366482	\N
1105	Чарльз Кефарт	\N	\N	\N	2024-04-14 09:23:01.4846	\N
1106	Кристоф Фромм	\N	\N	\N	2024-04-14 09:23:17.882422	\N
1107	Фридманн Фромм	\N	\N	\N	2024-04-14 09:23:17.917014	\N
1108	Дуглас Картер Бини	\N	\N	\N	2024-04-14 09:23:28.382153	\N
1109	Томас Баманн	\N	\N	\N	2024-04-14 09:23:32.201476	\N
1110	Ганс Тернер	\N	\N	\N	2024-04-14 09:23:32.234677	\N
1111	Ханну Салонен	\N	\N	\N	2024-04-14 09:23:45.096316	\N
1112	Ричард Рутовски	\N	\N	\N	2024-04-14 09:23:54.731044	\N
1113	Дорис Дёрри	\N	\N	\N	2024-04-14 09:24:07.135632	\N
1114	Рольф Базедов	\N	\N	\N	2024-04-14 09:24:07.168009	\N
1115	Рут Стэдлер	\N	\N	\N	2024-04-14 09:24:07.20178	\N
1116	Винс Гиллиган	\N	\N	\N	2024-04-14 09:24:18.787432	\N
1117	Эрнст Каль	\N	\N	\N	2024-04-14 09:24:21.90337	\N
1118	Ганс Хорн	\N	\N	\N	2024-04-14 09:24:36.750627	\N
1119	Дэвид М. Эванс	\N	\N	\N	2024-04-14 09:24:45.944086	\N
1120	Роберт Гюнтер	\N	\N	\N	2024-04-14 09:24:45.976075	\N
1121	Михаэль Гутманн	\N	\N	\N	2024-04-14 09:24:52.881818	\N
1122	Дэвид Ховард	\N	\N	\N	2024-04-14 09:24:52.917053	\N
1123	Ханс-Кристиан Шмид	\N	\N	\N	2024-04-14 09:24:52.949653	\N
1124	Скотт Соммер	\N	\N	\N	2024-04-14 09:24:58.179938	\N
1125	Стивен Дэвис	\N	\N	\N	2024-04-14 09:25:16.901933	\N
1126	Алан Звайбел	\N	\N	\N	2024-04-14 09:25:41.853408	\N
1127	Нил Хименес	\N	\N	\N	2024-04-14 09:25:43.508868	\N
1128	Линди Лауб	\N	\N	\N	2024-04-14 09:25:43.544288	\N
1129	Барбара Бенедек	\N	\N	\N	2024-04-14 09:25:55.686009	\N
1130	Пол Брикман	\N	\N	\N	2024-04-14 09:25:55.719322	\N
1131	Моше Мизрахи	\N	\N	\N	2024-04-14 09:25:55.754929	\N
1132	Эмиль Годро	\N	\N	\N	2024-04-14 09:26:07.67305	\N
1133	Сильви Бушар	\N	\N	\N	2024-04-14 09:26:07.70647	\N
1134	Джо Клейн	\N	\N	\N	2024-04-14 09:26:35.48193	\N
1135	Элейн Мей	\N	\N	\N	2024-04-14 09:26:35.516105	\N
1136	Кэйси Бишоп	\N	\N	\N	2024-04-14 09:26:37.334097	\N
1137	Бетти Блэк	\N	\N	\N	2024-04-14 09:26:37.367696	\N
1138	Фран Льюис Эбелинг	\N	\N	\N	2024-04-14 09:26:37.401691	\N
1139	Пол Мэйсон	\N	\N	\N	2024-04-14 09:26:37.438813	\N
1140	Ларри Бишоп	\N	\N	\N	2024-04-14 09:26:58.272689	\N
1141	Зигфрид Ленц	\N	\N	\N	2024-04-14 09:26:58.849339	\N
1142	Уильям Мэй	\N	\N	\N	2024-04-14 09:26:58.884064	\N
1143	Дэвид Тейлор	\N	\N	\N	2024-04-14 09:26:58.920392	\N
1144	Кэрол Собески	\N	\N	\N	2024-04-14 09:27:23.99295	\N
1145	Оливия Голдсмит	\N	\N	\N	2024-04-14 09:27:35.631369	\N
1146	Роберт Харлинг	\N	\N	\N	2024-04-14 09:27:35.667472	\N
1147	Джеймс Ф. Колье	\N	\N	\N	2024-04-14 09:27:59.355259	\N
1148	Гари Дэвид Голдберг	\N	\N	\N	2024-04-14 09:27:59.901795	\N
1149	Брэд Холл	\N	\N	\N	2024-04-14 09:27:59.937332	\N
1150	Дэвид Симкинс	\N	\N	\N	2024-04-14 09:28:25.127252	\N
1151	Нора Эфрон	\N	\N	\N	2024-04-14 09:28:30.139041	\N
1152	Делия Эфрон	\N	\N	\N	2024-04-14 09:28:30.17359	\N
1153	Хезер Морган	\N	\N	\N	2024-04-14 09:28:43.689743	\N
1154	Дуглас МакГрат	\N	\N	\N	2024-04-14 09:28:56.81579	\N
1155	Кэролайн Кейс	\N	\N	\N	2024-04-14 09:29:08.661534	\N
1156	Джефф Арч	\N	\N	\N	2024-04-14 09:29:21.145178	\N
1157	Николь Бёрдетт	\N	\N	\N	2024-04-14 09:29:34.399694	\N
1158	Артюр Рембо	\N	\N	\N	2024-04-14 09:29:34.433509	\N
1159	Дилан Томас	\N	\N	\N	2024-04-14 09:29:34.46783	\N
1160	Анита Хоффман	\N	\N	\N	2024-04-14 09:30:00.411427	\N
1161	Эбби Хоффман	\N	\N	\N	2024-04-14 09:30:00.443688	\N
1162	Брюс Грэхэм	\N	\N	\N	2024-04-14 09:30:00.477297	\N
1163	Роман Коппола	\N	\N	\N	2024-04-14 09:30:12.712417	\N
1164	Лукас Рейнер	\N	\N	\N	2024-04-14 09:30:12.746581	\N
1165	Кэрри Фишер	\N	\N	\N	2024-04-14 09:30:38.989914	\N
1166	Уильям Регор	\N	\N	\N	2024-04-14 09:30:46.858814	\N
1167	Стью Сильвер	\N	\N	\N	2024-04-14 09:31:04.126821	\N
1168	Дэниэл Ф. Галуйе	\N	\N	\N	2024-04-14 09:31:11.516441	\N
1169	Йозеф Руснак	\N	\N	\N	2024-04-14 09:31:11.55151	\N
1170	Равель Сентено-Родригес	\N	\N	\N	2024-04-14 09:31:11.584794	\N
1171	Стив Мартин	\N	\N	\N	2024-04-14 09:31:27.70154	\N
1172	Майкл Элиас	\N	\N	\N	2024-04-14 09:31:27.746737	\N
1173	Джеймс Стилл	\N	\N	\N	2024-04-14 09:31:35.485604	\N
1174	Лодж Х. Керриган	\N	\N	\N	2024-04-14 09:32:00.926894	\N
1175	Эдвард Хьюм	\N	\N	\N	2024-04-14 09:32:18.998378	\N
1176	Стефан Йеф	\N	\N	\N	2024-04-14 09:32:19.03296	\N
1177	Рон Коуэн	\N	\N	\N	2024-04-14 09:32:19.066493	\N
1178	Клод Стануш	\N	\N	\N	2024-04-14 09:32:24.146712	\N
1179	Кларк Уолкер	\N	\N	\N	2024-04-14 09:32:24.192582	\N
1180	Джон Херман Шейнер	\N	\N	\N	2024-04-14 09:32:45.354619	\N
1181	Эл Рамрас	\N	\N	\N	2024-04-14 09:32:45.390171	\N
1182	Лоуэлл Каннингем	\N	\N	\N	2024-04-14 09:33:10.729819	\N
1183	Марк Кристофер	\N	\N	\N	2024-04-14 09:33:28.885922	\N
1184	Том ДеСерчио	\N	\N	\N	2024-04-14 09:33:28.921152	\N
1185	Том Донахи	\N	\N	\N	2024-04-14 09:33:28.953673	\N
1186	Николас Перри	\N	\N	\N	2024-04-14 09:33:28.986364	\N
1187	Джозеф Стейн	\N	\N	\N	2024-04-14 09:33:36.069516	\N
1188	Карл Райнер	\N	\N	\N	2024-04-14 09:33:36.105067	\N
1189	Боб Комфорт	\N	\N	\N	2024-04-14 09:33:52.227077	\N
1190	Льюис Колик	\N	\N	\N	2024-04-14 09:34:02.570829	\N
1191	Кирби Дик	\N	\N	\N	2024-04-14 09:34:14.710253	\N
1192	Рени Миссел	\N	\N	\N	2024-04-14 09:34:14.744104	\N
1193	Аарон Соркин	\N	\N	\N	2024-04-14 09:34:28.273297	\N
1194	Стивен Бэйджелман	\N	\N	\N	2024-04-14 09:34:40.158168	\N
1195	Эндрю Шайнмен	\N	\N	\N	2024-04-14 09:34:52.363843	\N
1196	Венди Рисс	\N	\N	\N	2024-04-14 09:35:05.439735	\N
1197	Новалин Прайс Эллис	\N	\N	\N	2024-04-14 09:35:29.631369	\N
1198	Майкл Скотт Майерс	\N	\N	\N	2024-04-14 09:35:29.665662	\N
1199	Майкл Аллин	\N	\N	\N	2024-04-14 09:35:55.324709	\N
1200	Стивен Блум	\N	\N	\N	2024-04-14 09:36:07.04128	\N
1201	Питер Стайнфелд	\N	\N	\N	2024-04-14 09:36:33.039647	\N
1202	Питер Толан	\N	\N	\N	2024-04-14 09:36:33.085114	\N
1203	Питер Стейнфелд	\N	\N	\N	2024-04-14 09:36:33.117602	\N
1204	Эл Фрэнкен	\N	\N	\N	2024-04-14 09:36:44.51889	\N
1205	Билли Кристал	\N	\N	\N	2024-04-14 09:36:58.294062	\N
1206	Шила Бэллентайн	\N	\N	\N	2024-04-14 09:37:09.647159	\N
1207	Давия Нельсон	\N	\N	\N	2024-04-14 09:37:09.692219	\N
1208	Джей Уорд	\N	\N	\N	2024-04-14 09:37:24.824024	\N
1209	Билл Форсайт	\N	\N	\N	2024-04-14 09:37:35.300913	\N
1210	Эми Шпор Феррис	\N	\N	\N	2024-04-14 09:38:00.138268	\N
1211	Викки Полон	\N	\N	\N	2024-04-14 09:38:00.171577	\N
1212	Дэвид Зельцер	\N	\N	\N	2024-04-14 09:38:15.928342	\N
1213	Франсин Проуз	\N	\N	\N	2024-04-14 09:38:19.509104	\N
1214	Ричард Гюэ	\N	\N	\N	2024-04-14 09:38:19.543121	\N
1215	Нэнси Сэвока	\N	\N	\N	2024-04-14 09:38:19.576836	\N
1216	Арнольд Перл	\N	\N	\N	2024-04-14 09:38:40.868281	\N
1217	Алекс Хейли	\N	\N	\N	2024-04-14 09:38:40.912175	\N
1218	Малкольм Икс	\N	\N	\N	2024-04-14 09:38:40.94692	\N
1219	Эндрю Биркин	\N	\N	\N	2024-04-14 09:38:59.641631	\N
1220	Би Гилберт	\N	\N	\N	2024-04-14 09:38:59.67328	\N
1221	Бенуа Гру	\N	\N	\N	2024-04-14 09:38:59.708021	\N
1222	Джим Гаррисон	\N	\N	\N	2024-04-14 09:39:29.518749	\N
1223	Джим Маррс	\N	\N	\N	2024-04-14 09:39:29.551194	\N
1224	Зэкари Склар	\N	\N	\N	2024-04-14 09:39:29.59765	\N
1225	Синтия Сидре	\N	\N	\N	2024-04-14 09:39:53.916156	\N
1226	Марти Леймбах	\N	\N	\N	2024-04-14 09:42:30.0781	\N
1227	Ричард Фриденберг	\N	\N	\N	2024-04-14 09:42:30.111865	\N
1228	Роберт Босвелл	\N	\N	\N	2024-04-14 09:42:56.027934	\N
1229	Майкл Бортман	\N	\N	\N	2024-04-14 09:42:56.060403	\N
1230	Леонард Шредер	\N	\N	\N	2024-04-14 09:43:21.691706	\N
1231	Марк Мэлоун	\N	\N	\N	2024-04-14 09:43:44.008511	\N
1232	Доктор Сюсс	\N	\N	\N	2024-04-14 09:44:21.647776	\N
1233	Эми Холден Джонс	\N	\N	\N	2024-04-14 09:44:31.190071	\N
1234	Перри Хауз	\N	\N	\N	2024-04-14 09:44:31.224086	\N
1235	Рэнди Хауз	\N	\N	\N	2024-04-14 09:44:31.256764	\N
1236	Альфред Ури	\N	\N	\N	2024-04-14 09:44:31.289235	\N
1237	Джорджия Харрелл	\N	\N	\N	2024-04-14 09:44:57.568988	\N
1238	Майкл Херц	\N	\N	\N	2024-04-14 09:44:57.603079	\N
1239	Ллойд Кауфман	\N	\N	\N	2024-04-14 09:44:57.635641	\N
1240	Стюарт Стратин	\N	\N	\N	2024-04-14 09:44:57.668968	\N
1241	Марк Торгл	\N	\N	\N	2024-04-14 09:44:57.703464	\N
1242	Стивен Лисбергер	\N	\N	\N	2024-04-14 09:46:29.020251	\N
1243	Джоан Риверз	\N	\N	\N	2024-04-14 09:46:51.402531	\N
1244	Майкл Мередит	\N	\N	\N	2024-04-14 09:47:50.767662	\N
1245	Дэйв Гаррет	\N	\N	\N	2024-04-14 09:48:18.255155	\N
1246	Джейсон Уорд	\N	\N	\N	2024-04-14 09:48:18.288163	\N
1247	Брайан Нарелл	\N	\N	\N	2024-04-14 09:48:35.667099	\N
1248	Робин Стил	\N	\N	\N	2024-04-14 09:48:35.702426	\N
1249	Глен Мерцер	\N	\N	\N	2024-04-14 09:49:10.009086	\N
1250	Макс Эппл	\N	\N	\N	2024-04-14 09:49:41.80911	\N
1251	Стивен Меткаф	\N	\N	\N	2024-04-14 09:49:41.845749	\N
1252	Вим Вендерс	\N	\N	\N	2024-04-14 09:50:07.801053	\N
1253	Ульрих Зигер	\N	\N	\N	2024-04-14 09:50:07.83515	\N
1254	Рихард Райтингер	\N	\N	\N	2024-04-14 09:50:07.868681	\N
1255	Марио Варгас Льоса	\N	\N	\N	2024-04-14 09:50:33.211998	\N
1256	Уильям Бойд	\N	\N	\N	2024-04-14 09:50:33.247787	\N
1257	Дженни Берлин	\N	\N	\N	2024-04-14 09:50:54.193344	\N
1258	Лори Джонс	\N	\N	\N	2024-04-14 09:50:54.225959	\N
1259	Элис Арлен	\N	\N	\N	2024-04-14 09:51:19.350284	\N
1260	Дебора Блум	\N	\N	\N	2024-04-14 09:51:48.517062	\N
1261	Клод Лелуш	\N	\N	\N	2024-04-14 09:52:05.352403	\N
1262	Уоррен Лэйн	\N	\N	\N	2024-04-14 09:52:05.385493	\N
1263	Эндрю Бергман	\N	\N	\N	2024-04-14 09:52:19.828098	\N
1264	Мэл Фроман	\N	\N	\N	2024-04-14 09:52:47.610334	\N
1265	Майкл Бэрри	\N	\N	\N	2024-04-14 09:52:47.646419	\N
1266	Ли Чэпман	\N	\N	\N	2024-04-14 09:52:47.679008	\N
1267	Рич Юстис	\N	\N	\N	2024-04-14 09:52:47.710964	\N
1268	Джим Малхолланд	\N	\N	\N	2024-04-14 09:52:47.744386	\N
1269	Том Пэтчетт	\N	\N	\N	2024-04-14 09:53:30.97397	\N
1270	Джей Тарсес	\N	\N	\N	2024-04-14 09:53:31.009649	\N
1271	Джерри Джул	\N	\N	\N	2024-04-14 09:53:31.043351	\N
1272	Джек Роуз	\N	\N	\N	2024-04-14 09:53:31.079237	\N
1273	Брюс Джоэл Рубин	\N	\N	\N	2024-04-14 09:53:50.051439	\N
1274	Роберт Штицель	\N	\N	\N	2024-04-14 09:53:50.083659	\N
1275	Филип Фрэнк Мессина	\N	\N	\N	2024-04-14 09:53:50.11794	\N
1276	Ноэль Бен	\N	\N	\N	2024-04-14 09:54:19.619196	\N
1277	Стэнли Манн	\N	\N	\N	2024-04-14 09:54:34.667972	\N
1278	Нил Саймон	\N	\N	\N	2024-04-14 09:54:43.833258	\N
1279	Кит Лаумер	\N	\N	\N	2024-04-14 09:54:59.00905	\N
1280	У. Д. Рихтер	\N	\N	\N	2024-04-14 09:54:59.043679	\N
1281	Джон Кассаветис	\N	\N	\N	2024-04-14 09:55:07.759879	\N
1282	Ларри Такер	\N	\N	\N	2024-04-14 09:55:23.518185	\N
1283	Джордж Уэллс	\N	\N	\N	2024-04-14 09:55:48.142181	\N
1284	Ховард Фаст	\N	\N	\N	2024-04-14 09:55:48.175995	\N
1285	Теннесси Уильямс	\N	\N	\N	2024-04-14 09:56:16.012125	\N
1286	Фред Коу	\N	\N	\N	2024-04-14 09:56:16.058808	\N
1287	Эдит Р. Соммер	\N	\N	\N	2024-04-14 09:56:16.098598	\N
1288	Дэвид Рэйфиел	\N	\N	\N	2024-04-14 09:56:16.134009	\N
1289	Нанни Лой	\N	\N	\N	2024-04-14 09:56:49.808047	\N
1290	Уильям Истлэйк	\N	\N	\N	2024-04-14 09:57:41.860648	\N
1291	Дэниэл Тарадаш	\N	\N	\N	2024-04-14 09:57:41.894611	\N
1292	Мино Роли	\N	\N	\N	2024-04-14 09:57:55.20241	\N
1293	Овид Демарис	\N	\N	\N	2024-04-14 09:57:55.237621	\N
1294	Израэль Хоровиц	\N	\N	\N	2024-04-14 09:57:55.269522	\N
1295	Джулиано Монтальдо	\N	\N	\N	2024-04-14 09:57:55.304204	\N
1296	Х.А.Л. Крэйг	\N	\N	\N	2024-04-14 09:58:20.900525	\N
1297	Фрэнк Де Фелитта	\N	\N	\N	2024-04-14 09:58:20.93511	\N
1298	Дуилио Колетти	\N	\N	\N	2024-04-14 09:58:20.968303	\N
1299	Джузеппе Манджоне	\N	\N	\N	2024-04-14 09:58:21.002492	\N
1300	Эллиотт Бэйкер	\N	\N	\N	2024-04-14 09:58:46.566498	\N
1301	Мюррэй Шисгал	\N	\N	\N	2024-04-14 09:58:46.601278	\N
1302	Анри-Пьер Роше	\N	\N	\N	2024-04-14 09:58:50.209171	\N
1303	Джереми Ларнер	\N	\N	\N	2024-04-14 09:59:23.046874	\N
1304	Мишель Хазанавичус	\N	\N	\N	2024-04-14 09:59:44.851135	\N
1305	Доминик Мезеретт	\N	\N	\N	2024-04-14 09:59:44.884356	\N
1306	Глендон Суортаут	\N	\N	\N	2024-04-14 10:00:06.204924	\N
1307	Майлз Худ Суортаут	\N	\N	\N	2024-04-14 10:00:06.237984	\N
1308	Скотт Хейл	\N	\N	\N	2024-04-14 10:00:06.271833	\N
1309	Деннис Поттер	\N	\N	\N	2024-04-14 10:00:25.913939	\N
1310	Чарльз Портис	\N	\N	\N	2024-04-14 10:00:27.671701	\N
1311	Марта Хайер	\N	\N	\N	2024-04-14 10:00:27.705848	\N
1312	Кристофер Трамбо	\N	\N	\N	2024-04-14 10:00:50.614586	\N
1313	Майкл Батлер	\N	\N	\N	2024-04-14 10:00:50.64781	\N
1317	Лоуренс Роман	\N	\N	\N	2024-04-14 10:01:13.257634	\N
1314	Уильям П. МакГайверн	\N	\N	\N	2024-04-14 10:00:50.679117	\N
1315	Уильям У. Нортон	\N	\N	\N	2024-04-14 10:00:50.711064	\N
1316	Джералд Ди Пего	\N	\N	\N	2024-04-14 10:01:10.740244	\N
1318	Дэвид Рэйб	\N	\N	\N	2024-04-14 10:01:34.085919	\N
1319	Хэрри Джулиан Финк	\N	\N	\N	2024-04-14 10:01:36.58118	\N
1320	Рита М. Финк	\N	\N	\N	2024-04-14 10:01:36.615444	\N
1321	Барни Слэйтер	\N	\N	\N	2024-04-14 10:01:36.650064	\N
1322	Берт Кеннеди	\N	\N	\N	2024-04-14 10:01:57.484459	\N
1323	Эрин Дигнам	\N	\N	\N	2024-04-14 10:02:19.103086	\N
1324	Уильям Дэйл Дженнингс	\N	\N	\N	2024-04-14 10:02:22.002795	\N
1325	Ирвинг Рэвеч	\N	\N	\N	2024-04-14 10:02:22.036473	\N
1326	Харриет Фрэнк мл.	\N	\N	\N	2024-04-14 10:02:22.069756	\N
1327	Даниель Дефо	\N	\N	\N	2024-04-14 10:02:34.288524	\N
1328	Пен Деншэм	\N	\N	\N	2024-04-14 10:02:34.321837	\N
1329	Шон Пенн	\N	\N	\N	2024-04-14 10:02:57.800532	\N
1330	Бертон Вол	\N	\N	\N	2024-04-14 10:03:11.232301	\N
1331	Валери Кёртин	\N	\N	\N	2024-04-14 10:03:21.853837	\N
1332	Барри Левинсон	\N	\N	\N	2024-04-14 10:03:21.889504	\N
1333	Эндрю Дж. Фенади	\N	\N	\N	2024-04-14 10:03:35.062766	\N
1334	Шэйн Коннотон	\N	\N	\N	2024-04-14 10:03:46.101139	\N
1335	Керри Краббе	\N	\N	\N	2024-04-14 10:03:46.134667	\N
1336	Джеймс Ли Баррет	\N	\N	\N	2024-04-14 10:04:00.044661	\N
1337	Стэнли Хью	\N	\N	\N	2024-04-14 10:04:00.07881	\N
1338	Льюис Б. Паттен	\N	\N	\N	2024-04-14 10:04:00.113217	\N
1339	Дэннис Макинтайр	\N	\N	\N	2024-04-14 10:04:10.751625	\N
1340	Маргарит Робертс	\N	\N	\N	2024-04-14 10:04:24.007075	\N
1341	Клэр Хаффакер	\N	\N	\N	2024-04-14 10:04:46.042699	\N
1342	Джеймс Дж. Дочерти	\N	\N	\N	2024-04-14 10:04:49.426609	\N
1343	Стэйси Перальта	\N	\N	\N	2024-04-14 10:05:08.922217	\N
1344	Крэйг Стечик	\N	\N	\N	2024-04-14 10:05:08.955142	\N
1345	Розанна Аркетт	\N	\N	\N	2024-04-14 10:05:31.744918	\N
1346	Дэвид Чишолм	\N	\N	\N	2024-04-14 10:05:56.201674	\N
1347	Тед Беркман	\N	\N	\N	2024-04-14 10:06:16.843439	\N
1348	Мелвилл Шэвелсон	\N	\N	\N	2024-04-14 10:06:16.878179	\N
1349	Дик Клемент	\N	\N	\N	2024-04-14 10:06:45.918603	\N
1350	Йен Ла Френас	\N	\N	\N	2024-04-14 10:06:45.954397	\N
1351	Ф. Энсти	\N	\N	\N	2024-04-14 10:06:45.988748	\N
1352	Ник Касл	\N	\N	\N	2024-04-14 10:07:12.457572	\N
1353	Гэвин Скотт	\N	\N	\N	2024-04-14 10:08:05.61159	\N
1354	Адам Рифкин	\N	\N	\N	2024-04-14 10:08:05.643489	\N
1355	Кристофер Дуранг	\N	\N	\N	2024-04-14 10:08:49.803762	\N
1356	Ховард Эшман	\N	\N	\N	2024-04-14 10:09:14.777107	\N
1357	Роджер Корман	\N	\N	\N	2024-04-14 10:09:14.811448	\N
1358	Чарльз Б. Гриффит	\N	\N	\N	2024-04-14 10:09:14.844394	\N
1359	Билл Брайден	\N	\N	\N	2024-04-14 10:10:06.304668	\N
1360	Стивен Смит	\N	\N	\N	2024-04-14 10:10:06.337912	\N
1361	Стейси Кич	\N	\N	\N	2024-04-14 10:10:06.371211	\N
1362	Джеймс Кич	\N	\N	\N	2024-04-14 10:10:06.405609	\N
1363	Хоратиус Хеберле	\N	\N	\N	2024-04-14 10:10:27.193948	\N
1364	Майкл Вэрол	\N	\N	\N	2024-04-14 10:10:27.226926	\N
1365	Грег П. Смит	\N	\N	\N	2024-04-14 10:10:27.258746	\N
1366	Л. М. Кит Карсон	\N	\N	\N	2024-04-14 10:10:27.291661	\N
1367	Клаудия Вайль	\N	\N	\N	2024-04-14 10:10:53.390117	\N
1368	Кэрол Истмен	\N	\N	\N	2024-04-14 10:11:06.910322	\N
1369	Брайан Гарфилд	\N	\N	\N	2024-04-14 10:11:31.559738	\N
1370	Уенделл Майес	\N	\N	\N	2024-04-14 10:11:31.592323	\N
1371	Джералд Уилсон	\N	\N	\N	2024-04-14 10:11:31.627132	\N
1372	Майкл Уиннер	\N	\N	\N	2024-04-14 10:11:31.660662	\N
1373	Дональд Э. Уэстлейк	\N	\N	\N	2024-04-14 10:11:59.223447	\N
1374	Марк Наттер	\N	\N	\N	2024-04-14 10:12:51.888911	\N
1375	Томас Р. Вульф	\N	\N	\N	2024-04-14 10:12:51.923231	\N
1376	Бойд Хейл	\N	\N	\N	2024-04-14 10:12:51.956887	\N
1377	Леон Ичасо	\N	\N	\N	2024-04-14 10:13:10.814286	\N
1378	Митчелл Кригман	\N	\N	\N	2024-04-14 10:13:40.909785	\N
1379	Джой Маццарино	\N	\N	\N	2024-04-14 10:13:40.943207	\N
1380	Пол Остер	\N	\N	\N	2024-04-14 10:14:07.462372	\N
1381	Джон Сейлз	\N	\N	\N	2024-04-14 10:14:36.113521	\N
1382	Дарлен Кравиотто	\N	\N	\N	2024-04-14 10:15:03.764556	\N
1383	Филип Хаас	\N	\N	\N	2024-04-14 10:16:03.664055	\N
1384	Белинда Хаас	\N	\N	\N	2024-04-14 10:16:03.699203	\N
1385	Эд Розенбаум	\N	\N	\N	2024-04-14 10:16:30.131765	\N
1386	Роберт Касуэлл	\N	\N	\N	2024-04-14 10:16:30.165618	\N
1387	Кевин Уэйд	\N	\N	\N	2024-04-14 10:17:27.279766	\N
1388	Честер Гулд	\N	\N	\N	2024-04-14 10:17:54.588481	\N
1389	Джим Кэш	\N	\N	\N	2024-04-14 10:17:54.623388	\N
1390	Джек Эппс мл.	\N	\N	\N	2024-04-14 10:17:54.657305	\N
1391	Рокни С. О’Бэннон	\N	\N	\N	2024-04-14 10:18:22.885093	\N
1392	Джек Финней	\N	\N	\N	2024-04-14 10:19:01.32056	\N
1393	Патриция Резник	\N	\N	\N	2024-04-14 10:19:01.355323	\N
1394	Джек Розенталь	\N	\N	\N	2024-04-14 10:19:29.862484	\N
1395	Барбра Стрейзанд	\N	\N	\N	2024-04-14 10:19:29.896673	\N
1396	Исаак Башевис-Зингер	\N	\N	\N	2024-04-14 10:19:29.931637	\N
1397	Эдгар Лоуренс Доктороу	\N	\N	\N	2024-04-14 10:19:59.051551	\N
1398	Майкл Уэллер	\N	\N	\N	2024-04-14 10:20:29.016031	\N
1399	Генрих фон Клейст	\N	\N	\N	2024-04-14 10:20:29.050567	\N
1400	Рик Наткин	\N	\N	\N	2024-04-14 10:20:59.168763	\N
1401	Уиллард Хайк	\N	\N	\N	2024-04-14 10:21:28.24674	\N
1402	Глория Кац	\N	\N	\N	2024-04-14 10:21:28.279567	\N
1403	Мюррэй Ти Блум	\N	\N	\N	2024-04-14 10:21:55.76263	\N
1404	Дэвид Шейбер	\N	\N	\N	2024-04-14 10:21:55.79777	\N
1405	Роджер Л. Саймон	\N	\N	\N	2024-04-14 10:22:27.630063	\N
1406	Лори Крэйг	\N	\N	\N	2024-04-14 10:22:59.528665	\N
1407	Дженнифер Хит	\N	\N	\N	2024-04-14 10:22:59.584698	\N
1408	Мишель Дж. Вулф	\N	\N	\N	2024-04-14 10:22:59.618671	\N
1409	Гэйл Карсон Ливайн	\N	\N	\N	2024-04-14 10:22:59.653508	\N
1410	Джек Мур	\N	\N	\N	2024-04-14 10:23:17.186743	\N
1411	Джефф Ричи	\N	\N	\N	2024-04-14 10:23:17.220076	\N
1412	Джеймс Робинсон	\N	\N	\N	2024-04-14 10:23:46.745579	\N
1413	Скотт Файастоун	\N	\N	\N	2024-04-14 10:23:59.722818	\N
1414	Тим Роббинс	\N	\N	\N	2024-04-14 10:24:27.651967	\N
1415	Вера Чэпман	\N	\N	\N	2024-04-14 10:24:54.231667	\N
1416	Кирк де Микко	\N	\N	\N	2024-04-14 10:24:54.264934	\N
1417	Уильям Шифрин	\N	\N	\N	2024-04-14 10:24:54.29788	\N
1418	Жаклин Фезер	\N	\N	\N	2024-04-14 10:24:54.332105	\N
1419	Дэвид Сайдлер	\N	\N	\N	2024-04-14 10:24:54.365729	\N
1420	Дэвид Класс	\N	\N	\N	2024-04-14 10:25:20.771144	\N
1421	Джералд Сеймур	\N	\N	\N	2024-04-14 10:25:49.626484	\N
1422	Николас Мейер	\N	\N	\N	2024-04-14 10:25:49.659602	\N
1423	Энн-Мари Мартин	\N	\N	\N	2024-04-14 10:26:45.775403	\N
1424	Рон Яновер	\N	\N	\N	2024-04-14 10:27:15.814082	\N
1425	Марк Гельдман	\N	\N	\N	2024-04-14 10:27:15.847376	\N
1426	Рональд Яновер	\N	\N	\N	2024-04-14 10:27:15.890256	\N
1427	Дж.Д. Шапиро	\N	\N	\N	2024-04-14 10:27:56.901889	\N
1428	Ивэн Чандлер	\N	\N	\N	2024-04-14 10:27:56.935753	\N
1429	Алан Шапиро	\N	\N	\N	2024-04-14 10:28:24.133416	\N
1430	Брэм Стокер	\N	\N	\N	2024-04-14 10:28:51.047298	\N
1431	Джеймс В. Харт	\N	\N	\N	2024-04-14 10:28:51.080627	\N
1432	Ли Дрисдейл	\N	\N	\N	2024-04-14 10:29:17.676343	\N
1433	Джим Абрахамс	\N	\N	\N	2024-04-14 10:29:44.309271	\N
1434	Пэт Профт	\N	\N	\N	2024-04-14 10:29:44.344355	\N
1435	Том Круз	\N	\N	\N	2024-04-14 10:30:13.019637	\N
1436	Джон Мортимер	\N	\N	\N	2024-04-14 10:31:00.561506	\N
1437	Владимир Набоков	\N	\N	\N	2024-04-14 10:31:00.594509	\N
1438	Крис Брайант	\N	\N	\N	2024-04-14 10:31:12.631281	\N
1439	Дэвид Эдгар	\N	\N	\N	2024-04-14 10:31:12.663883	\N
1440	Кэтлин Роуэлл	\N	\N	\N	2024-04-14 10:31:21.038956	\N
1441	С.Э. Хинтон	\N	\N	\N	2024-04-14 10:31:21.076062	\N
1442	Ллойд Фонвиелл	\N	\N	\N	2024-04-14 10:31:35.488365	\N
1443	Ник Кон	\N	\N	\N	2024-04-14 10:31:45.714143	\N
1444	Сильвестр Сталлоне	\N	\N	\N	2024-04-14 10:31:45.748542	\N
1445	Норман Уэкслер	\N	\N	\N	2024-04-14 10:31:45.783218	\N
1446	Роберт Борис	\N	\N	\N	2024-04-14 10:31:59.279274	\N
1447	Уильям А. Леви	\N	\N	\N	2024-04-14 10:32:09.510029	\N
1448	Лорин Дрейфусс	\N	\N	\N	2024-04-14 10:32:09.544054	\N
1449	Джулиан Митчелл	\N	\N	\N	2024-04-14 10:32:23.457773	\N
1450	Дэн Мирвиш	\N	\N	\N	2024-04-14 10:32:34.134698	\N
1451	Лоуренс А. Мэддокс	\N	\N	\N	2024-04-14 10:32:34.167314	\N
1452	Коди Джэррет	\N	\N	\N	2024-04-14 10:33:01.527138	\N
1453	Ли Мэдсен	\N	\N	\N	2024-04-14 10:33:16.338772	\N
1454	Лаки Макки	\N	\N	\N	2024-04-14 10:33:38.018129	\N
1455	Дрю Хэммонд	\N	\N	\N	2024-04-14 10:34:04.567541	\N
1456	Джеймс Мерендино	\N	\N	\N	2024-04-14 10:34:04.602568	\N
1457	Ричард Мэтисон	\N	\N	\N	2024-04-14 10:34:23.223017	\N
1458	Рэнди Редроуд	\N	\N	\N	2024-04-14 10:34:28.558401	\N
1459	Г.Б. Галицки	\N	\N	\N	2024-04-14 10:34:51.561579	\N
1460	Питер Камерон	\N	\N	\N	2024-04-14 10:35:08.026287	\N
1461	Брайан Скит	\N	\N	\N	2024-04-14 10:35:08.060992	\N
1462	Джеймс Руссо	\N	\N	\N	2024-04-14 10:35:21.453831	\N
1463	Стивен Пол	\N	\N	\N	2024-04-14 10:35:46.312187	\N
1464	Франциска Матос	\N	\N	\N	2024-04-14 10:35:46.345118	\N
1465	Роберт Грасмер	\N	\N	\N	2024-04-14 10:35:46.378795	\N
1466	Грег Майкл	\N	\N	\N	2024-04-14 10:35:46.423244	\N
1467	Кьяра Барзини	\N	\N	\N	2024-04-14 10:36:07.56065	\N
1468	Андреа Барзини	\N	\N	\N	2024-04-14 10:36:07.595523	\N
1469	Маттео Барзини	\N	\N	\N	2024-04-14 10:36:07.637351	\N
1470	Джордж Миллер	\N	\N	\N	2024-04-14 10:36:12.037405	\N
1471	Джуди Моррис	\N	\N	\N	2024-04-14 10:36:12.070533	\N
1472	Марк Лампрелл	\N	\N	\N	2024-04-14 10:36:12.104143	\N
1473	Дик Кинг-Смит	\N	\N	\N	2024-04-14 10:36:12.139123	\N
1474	Кеннет Дж. Холл	\N	\N	\N	2024-04-14 10:36:29.700946	\N
1475	Джон Ирвинг	\N	\N	\N	2024-04-14 10:36:34.345341	\N
1476	Солейл Мун Фрай	\N	\N	\N	2024-04-14 10:36:43.926887	\N
1477	Меено Пелусе	\N	\N	\N	2024-04-14 10:36:43.961898	\N
1478	Макс Майерс	\N	\N	\N	2024-04-14 10:36:55.284835	\N
1479	Кип Кениг	\N	\N	\N	2024-04-14 10:37:08.144344	\N
1480	Дж.С. Кардоне	\N	\N	\N	2024-04-14 10:37:13.530818	\N
1481	Пол Мариус	\N	\N	\N	2024-04-14 10:37:31.377416	\N
1482	Джинн Лукас	\N	\N	\N	2024-04-14 10:37:49.278086	\N
1483	Грегг Араки	\N	\N	\N	2024-04-14 10:37:56.079002	\N
1484	Чарльз МакКэрри	\N	\N	\N	2024-04-14 10:38:14.056322	\N
1485	Ричард Брукс	\N	\N	\N	2024-04-14 10:38:14.090887	\N
1486	Дин Девлин	\N	\N	\N	2024-04-14 10:38:18.847327	\N
1487	Роланд Эммерих	\N	\N	\N	2024-04-14 10:38:18.882303	\N
1488	Томас Хантер	\N	\N	\N	2024-04-14 10:38:37.499114	\N
1489	Питер Пауэлл	\N	\N	\N	2024-04-14 10:38:37.532177	\N
1490	Дэвид Эмброуз	\N	\N	\N	2024-04-14 10:38:37.567559	\N
1491	Джерри Дэвис	\N	\N	\N	2024-04-14 10:38:37.604895	\N
1492	Джимми Сэнгстер	\N	\N	\N	2024-04-14 10:39:00.772002	\N
1493	Патрик Тилли	\N	\N	\N	2024-04-14 10:39:00.803377	\N
1494	Пол Вилер	\N	\N	\N	2024-04-14 10:39:00.837377	\N
1495	Джон Морицугу	\N	\N	\N	2024-04-14 10:39:01.381426	\N
1496	Артур Херцог III	\N	\N	\N	2024-04-14 10:39:12.894015	\N
1497	Харольд Роббинс	\N	\N	\N	2024-04-14 10:39:36.769811	\N
1498	Уильям Баст	\N	\N	\N	2024-04-14 10:39:36.803578	\N
1499	Куинтон Пиплз	\N	\N	\N	2024-04-14 10:39:37.354396	\N
1500	Стив Шэган	\N	\N	\N	2024-04-14 10:39:58.917865	\N
1501	Дэвид Батлер	\N	\N	\N	2024-04-14 10:39:58.952749	\N
1502	Гордон Томас	\N	\N	\N	2024-04-14 10:39:58.985885	\N
1503	Макс Морган Уиттс	\N	\N	\N	2024-04-14 10:39:59.020888	\N
1504	Алан Грушка	\N	\N	\N	2024-04-14 10:39:59.683403	\N
1505	Ричард Сквайр	\N	\N	\N	2024-04-14 10:40:14.903484	\N
1506	Айра Левин	\N	\N	\N	2024-04-14 10:40:22.99483	\N
1507	Филипп Лабро	\N	\N	\N	2024-04-14 10:40:41.235943	\N
1508	Жак Ланзманн	\N	\N	\N	2024-04-14 10:40:41.268775	\N
1509	Орен Сэфди	\N	\N	\N	2024-04-14 10:40:53.486671	\N
1510	Джордан Криттенден	\N	\N	\N	2024-04-14 10:41:04.50075	\N
1511	Дафна Кэстнер	\N	\N	\N	2024-04-14 10:41:10.407992	\N
1512	Рон Хансен	\N	\N	\N	2024-04-14 10:41:21.278977	\N
1513	Лэйн Слейт	\N	\N	\N	2024-04-14 10:41:29.306319	\N
1514	Рон Шелтон	\N	\N	\N	2024-04-14 10:41:43.961979	\N
1515	Роберт Раделсон	\N	\N	\N	2024-04-14 10:41:47.031235	\N
1516	Гарри Лоутон	\N	\N	\N	2024-04-14 10:42:09.232414	\N
1517	Абрахам Полонски	\N	\N	\N	2024-04-14 10:42:09.266168	\N
1518	Фил Олден Робинсон	\N	\N	\N	2024-04-14 10:42:28.690361	\N
1519	Лоуренс Ласкер	\N	\N	\N	2024-04-14 10:42:28.725635	\N
1520	Уолтер Ф. Паркс	\N	\N	\N	2024-04-14 10:42:28.758036	\N
1521	Джин Р. Кирни	\N	\N	\N	2024-04-14 10:42:30.303245	\N
1522	Кёртис Харрингтон	\N	\N	\N	2024-04-14 10:42:30.338109	\N
1523	Джордж Эдвардс	\N	\N	\N	2024-04-14 10:42:30.373029	\N
1524	Мег Кэздан	\N	\N	\N	2024-04-14 10:42:51.589789	\N
1525	Джон Фуриа	\N	\N	\N	2024-04-14 10:42:52.154358	\N
1526	Сэлли Бенсон	\N	\N	\N	2024-04-14 10:42:52.188501	\N
1527	Майкл Блейк	\N	\N	\N	2024-04-14 10:43:14.064152	\N
1528	Эван Хантер	\N	\N	\N	2024-04-14 10:43:16.176199	\N
1529	Мишель Гондри	\N	\N	\N	2024-04-14 10:43:55.030492	\N
1530	Лоуренс Коннер	\N	\N	\N	2024-04-14 10:44:20.893978	\N
1531	Марк Розенталь	\N	\N	\N	2024-04-14 10:44:20.928746	\N
1532	Джордж Уинг	\N	\N	\N	2024-04-14 10:44:22.207074	\N
1533	Базз Биссинджер	\N	\N	\N	2024-04-14 10:44:44.340649	\N
1534	Ларри Дойл	\N	\N	\N	2024-04-14 10:45:07.635028	\N
1535	Роб Перез	\N	\N	\N	2024-04-14 10:45:31.63346	\N
1536	Том Грин	\N	\N	\N	2024-04-14 10:45:33.129477	\N
1537	Дерек Харви	\N	\N	\N	2024-04-14 10:45:33.164907	\N
1538	Алан Вэйд	\N	\N	\N	2024-04-14 10:45:46.122539	\N
1539	Тим Сэндлин	\N	\N	\N	2024-04-14 10:45:57.200959	\N
1540	Джереми Стейн	\N	\N	\N	2024-04-14 10:46:10.987165	\N
1541	Эбби Кон	\N	\N	\N	2024-04-14 10:46:22.115846	\N
1542	Марк Силверштейн	\N	\N	\N	2024-04-14 10:46:22.149826	\N
1543	Джона Раскин	\N	\N	\N	2024-04-14 10:46:35.703496	\N
1544	Стивен Джилленхол	\N	\N	\N	2024-04-14 10:46:35.739853	\N
1545	Николас Казан	\N	\N	\N	2024-04-14 10:46:35.772272	\N
1546	Мэри МакГарри Моррис	\N	\N	\N	2024-04-14 10:47:00.496694	\N
1547	Наоми Фонер	\N	\N	\N	2024-04-14 10:47:00.531624	\N
1548	Энди Теннант	\N	\N	\N	2024-04-14 10:47:11.032456	\N
1549	Рик Паркс	\N	\N	\N	2024-04-14 10:47:11.065446	\N
1550	Шарль Перро	\N	\N	\N	2024-04-14 10:47:11.099785	\N
1551	Грэм Свифт	\N	\N	\N	2024-04-14 10:47:24.752998	\N
1552	Питер Принц	\N	\N	\N	2024-04-14 10:47:24.788313	\N
1553	Тим Херлихи	\N	\N	\N	2024-04-14 10:47:34.847651	\N
1554	Адам Парк	\N	\N	\N	2024-04-14 10:47:58.043387	\N
1555	Джеффри Начманофф	\N	\N	\N	2024-04-14 10:47:59.467513	\N
1556	Арт Эдлер Браун	\N	\N	\N	2024-04-14 10:48:21.350317	\N
1557	Трэйси Фрэйм	\N	\N	\N	2024-04-14 10:48:21.383144	\N
1558	Кевин Уильямсон	\N	\N	\N	2024-04-14 10:48:47.724967	\N
1559	Гомер Х. Хикэм мл.	\N	\N	\N	2024-04-14 10:49:00.617482	\N
1560	Фрэнк Диз	\N	\N	\N	2024-04-14 10:49:24.179891	\N
1561	Ли Бэчлер	\N	\N	\N	2024-04-14 10:49:35.62008	\N
1562	Джанет Скотт Бэчлер	\N	\N	\N	2024-04-14 10:49:35.653012	\N
1563	Дэвид Робинсон	\N	\N	\N	2024-04-14 10:49:47.737247	\N
1564	Чарльз Чаплин	\N	\N	\N	2024-04-14 10:49:47.769178	\N
1565	Диана Хоукинс	\N	\N	\N	2024-04-14 10:49:47.802937	\N
1566	Брайан Форбс	\N	\N	\N	2024-04-14 10:49:47.847583	\N
1567	Пола Милн	\N	\N	\N	2024-04-14 10:50:02.440302	\N
1568	Джош Эванс	\N	\N	\N	2024-04-14 10:50:41.995909	\N
1569	Альберт С. Радди	\N	\N	\N	2024-04-14 10:51:07.530778	\N
1570	Чарльз Финч	\N	\N	\N	2024-04-14 10:51:07.563382	\N
1571	Грэй Фредериксон	\N	\N	\N	2024-04-14 10:51:07.599192	\N
1572	Кен Фридман	\N	\N	\N	2024-04-14 10:51:07.632655	\N
1573	Иоланда Тернер	\N	\N	\N	2024-04-14 10:51:07.667946	\N
1574	Бонни Тернер	\N	\N	\N	2024-04-14 10:51:35.09924	\N
1575	Терри Тернер	\N	\N	\N	2024-04-14 10:51:35.133298	\N
1576	Патрик Хигсмит	\N	\N	\N	2024-04-14 10:52:02.766915	\N
1577	Ави Нешер	\N	\N	\N	2024-04-14 10:52:02.802394	\N
1578	Ричард Данус	\N	\N	\N	2024-04-14 10:52:24.747151	\N
1579	Мэттью Брайт	\N	\N	\N	2024-04-14 10:52:46.634219	\N
1580	Энтони Хикокс	\N	\N	\N	2024-04-14 10:52:59.349406	\N
1581	Мелисса Годдар	\N	\N	\N	2024-04-14 10:53:25.652782	\N
1582	Энди Рубен	\N	\N	\N	2024-04-14 10:53:25.685446	\N
1583	Кэтт Ши	\N	\N	\N	2024-04-14 10:53:25.719556	\N
1584	Джозеф Минион	\N	\N	\N	2024-04-14 10:53:52.190033	\N
1585	Теодор Гершуни	\N	\N	\N	2024-04-14 10:54:17.56924	\N
1586	Томми Ли Уоллес	\N	\N	\N	2024-04-14 10:54:17.59247	\N
1587	Алан Дж. Пакула	\N	\N	\N	2024-04-14 10:54:42.255476	\N
